CAS,Median PR,Class,GATS5c,ATS3m,ETA_Psi_1,ETA_Beta,GATS2v,ATSC5e,piPC7,ATSC3e,MLFER_A,AATSC5e,ATSC7c,MDEC-22,SIC2,ATSC8c,minHCsatu,AATS6v,SsssCH,SsssN,AATSC8m,nCl,MDEC-44,PubchemFP377,SubFP40,FMF,minHssNH,VE2_D,maxssCH2,khs.dssS,FP490,ATS8m,FP184,ExtFP763,ExtFP636,minHBint10,ExtFP738,GATS6v,SCH-6,AD2D395,FP350,minHBint3,khs.sNH2,ExtFP701
104-35-8,92.32542269571208,1,0.3808265469089562,3813.36290000001,0.61798,16.75,1.2544411609600363,0.3290625187867801,4.56304525968742,0.6622865043005882,0.259,0.0031043633847809,-0.0176505652079753,21.593030744942176,0.6488718920089782,0.0227786387411856,0.0,121.3109670735317,0.0,0.0,-0.0244560622181943,0,0.0,0,0,0.3157894736842105,0.0,0.0080806982843692,1.3962231844834658,0,0,2155.049834999998,0,1,0,0.0,0,0.977622369756066,0.0833333333333333,0,0,3.548923861654524,0,0
104-40-5,92.19719223431936,1,0.4112808970703174,3041.891096,0.6546,14.75,1.2753720120930898,0.1634962299999972,3.91825355517878,0.0191396899999991,0.546,0.0018792670114942,0.0003081109081151,18.6067589929096,0.6069681166597123,-0.0001339050210598,0.0,119.89429169205624,0.0,0.0,-0.0830733633333307,0,0.0,0,0,0.375,0.0,0.0117298982943715,1.398521211132142,0,0,1573.436643999997,1,1,0,0.0,0,0.9648024173596462,0.0833333333333333,0,0,0.0,0,0
106-37-6,92.45108135942328,1,0.0,4692.761899,0.98837,11.0,0.7627439256189511,0.2643547499999998,0.0,-0.2643547499999998,0.003,0.0881182499999999,0.0,3.3019272488946267,0.5350950905814501,0.0,0.0,0.0,0.0,0.0,0.0,0,0.0,0,0,0.75,0.0,1.3877787807814457e-17,0.0,0,0,0.0,0,0,0,0.0,0,0.0,0.0833333333333333,0,0,0.0,0,0
115-86-6,51.66666666666666,1,2.4127449275219464,6885.159416292,0.59754,35.25,1.052776081853322,-3.31090112742383,5.66837116317687,-0.7324793060941834,0.003,-0.0501651685973307,-0.0490670495288075,21.54649722233899,0.437611405602935,0.0229410924595817,0.0,244.7068461467257,0.0,0.0,-4.786415036180358,0,0.0,0,0,0.9565217391304348,0.0,2.172175482962263e-17,0.0,0,0,4128.314424000014,0,0,0,0.0,0,0.8004997564336469,0.3061862178478973,0,0,0.0,0,0
1173019-36-7,92.21961168944073,1,0.5516566469689875,5445.25830100001,0.59322,18.75,1.061056265896628,0.3067116982167476,5.09757722423006,0.9435883072702244,0.259,0.0018701932818094,-0.1313269769836812,13.154457450762935,0.6829447788190341,-0.0151693286106136,0.0,124.3060207475488,0.742965089443472,0.0,-1.2275101461179725,0,0.0,0,0,0.2727272727272727,0.0,0.0127657145228463,1.254749419051367,0,0,2873.329390000003,0,1,0,0.0,0,1.081477160459166,0.0833333333333333,0,0,3.483129980860596,0,0
120-12-7,43.57142857142858,0,0.8736785624777734,3374.641389,0.71429,22.0,0.938775510204081,0.0146578055555551,6.86465203856463,-0.0265158055555552,0.003,0.0003575074525745,-0.0032212249254193,14.732700188922648,0.4618341940314015,0.0019503598233082,0.0,162.97820496463774,0.0,0.0,12.947337073611134,0,0.0,0,0,1.0,0.0,3.568574007723718e-17,0.0,0,0,54.524736,0,0,0,0.0,0,1.1265306122448973,0.2222222222222222,0,0,0.0,0,0
1241-94-7,91.28779237625793,1,2.1134972896432864,7232.523028102,0.60556,29.25,1.0886088788211634,-1.7637976423816824,5.28002609657579,0.1690511911982227,0.003,-0.0148218289275771,-0.1074386205388796,20.57484900011088,0.6415970447000618,0.0777606712383195,0.0,175.6996027712085,0.3706991160661792,0.0,-7.627297238834626,0,0.0,0,0,0.6,0.0,0.0074604292064612,1.1441965667376022,0,0,5630.783371288006,0,1,0,0.0,0,0.9820082328728216,0.2041241452319315,1,0,0.0,0,0
126-71-6,26.60944206008584,0,2.9792596382386862,4839.77344972201,0.56433,11.25,1.006176997484224,-0.3525885914256113,2.56494935746154,0.3596609829545456,0.003,-0.005596644308343,0.0028706679939798,0.75,0.4792258825816676,0.1014717574547853,0.0,133.53286472581476,0.9915509259259248,0.0,6.60667667907267,0,0.0,0,0,0.0,0.0,2.6122894697062506e-17,0.4372786666106774,0,0,2388.514475999996,0,0,0,0.0,0,0.8722317840581403,0.0,0,0,0.0,0,0
126-73-8,39.30587557603687,0,2.2411284444464323,4508.49512572202,0.56433,11.25,1.1744315512431294,-2.7991518610537054,2.56494935746154,0.3193619829545441,0.003,-0.034557430383379,-0.1656458514671462,8.99300875638503,0.5386087813509777,0.0184444394321178,0.0,152.6535126381145,0.0,0.0,-3.9136569488178727,0,0.0,0,0,0.0,0.0,2.224527751546729e-17,1.023641975308642,0,0,1988.738144999996,0,0,0,0.0,0,1.2972333591486294,0.0,0,0,0.0,0,0
129-00-0,86.95652173913044,1,1.16175692332069,4673.018478,0.71429,25.5,0.8463541666666664,-0.0698850177514797,7.57496747396339,0.001964639053255,0.003,-0.0012479467455621,0.0034665590206442,14.16403174131337,0.4336104287817554,0.0019494652023024,0.0,125.22589063681754,0.0,0.0,21.013429570019746,0,0.0,0,0,1.0,0.0,7.806255641895632e-18,0.0,0,0,28.278432,0,0,0,0.0,0,1.2828947368421049,0.2471938745990654,0,0,0.0,0,0
13560-92-4,92.45108135942328,1,0.7756850823716964,40741.052682,0.5984,23.0,0.6370958147605355,-6.563953595325062,6.58063913728495,3.815380124178221,0.003,-0.0607773481048616,-0.2603925441357282,0.0,0.6393781773574435,0.2743288841894549,0.0,290.9538250327682,7.627047745023935,0.0,254.1987743208045,12,5.299251226840173,0,0,0.5862068965517241,0.0,3.254101968728907e-17,1.7722256515775034,0,0,24323.804799999994,0,1,0,0.0,0,1.5765809965830218,1.553179585435022,0,0,0.0,0,0
135821-74-8,92.45108135942328,1,0.7014457224965284,41061.9236120001,0.60118,23.0,0.6352117062527276,-5.315938448979617,5.91620206260743,4.543561265306115,0.003,-0.0349732792696027,-0.3692478356796168,2.6207413942088964,0.6026092355384952,-0.2600466940644931,0.0,224.37318931544863,4.844399162957363,0.0,50.52629965731257,12,4.733229430560299,0,0,0.5294117647058824,0.0,4.625929269271485e-18,1.720485656196635,0,0,29947.416241999985,0,1,0,0.0,0,1.455665948058763,1.1991901088165218,0,0,0.0,0,0
13674-87-8,4.411764705882353,0,1.1162609771446033,10578.42601758,0.52996,14.25,1.081965485773027,-0.0587445306122409,3.2188758248682,-0.4149332448979594,0.003,-0.0008158962585033,-0.1708328744042614,3.114327349038794,0.5081252808234037,0.0504205549404404,0.0,235.7130656815113,0.523725539598555,0.0,0.0315272627404297,6,0.0,0,0,0.0,0.0,1.613292832658431e-17,1.080841049382716,0,0,16844.413871999954,0,0,0,0.0,0,1.1029494183056083,0.0,0,0,0.0,0,0
14609-54-2,0.0,0,0.8809089551648113,17840.298124,0.56836,91.0,0.9108876322751336,-4.223470609382696,8.73026620465268,-0.8962635298765013,3.097,-0.0148713753851503,-0.8280540708461018,0.0,0.5610933716244528,2.334192082114749,0.0,218.86594399191767,0.0,0.0,3.905187499163037,0,0.0,1,0,0.8,0.0,1.1564823173178714e-17,0.0,0,0,30018.40720400008,0,0,1,0.0,0,1.0497103279601383,0.8776643872851508,0,1,0.0,0,0
1806-26-4,92.2483917972776,1,0.406769831905916,2845.134367,0.65089,14.25,1.2587430267639583,0.1647685434623781,3.89817759860609,0.0108957428780124,0.546,0.0021124172238766,0.0001970168030012,16.5537018393787,0.6380050888174538,0.0001271411903767,0.0,120.9726540841959,0.0,0.0,-0.1772542536558759,0,0.0,0,0,0.4,0.0,0.0127141244836611,1.38102959393634,0,0,1376.6799149999974,1,1,0,0.0,0,0.96481949468188,0.0833333333333333,0,0,0.0,0,0
183658-27-7,92.45108135942328,1,1.158141667170634,31534.693432,0.81818,20.75,0.7522720867415597,1.6464310000000018,5.05902855411283,1.0942809999999985,0.003,0.0193697764705882,-0.0609270673965978,4.914609993978386,0.7210033306012061,0.0287939033620662,0.0,167.78989604552123,0.5476779969532394,0.0,-74.68897792764928,0,0.0,0,0,0.2857142857142857,0.0,0.0114424063213685,1.2441614472484683,0,0,9213.222646000006,0,1,0,0.0,0,0.8542440949371722,0.0453609211626514,0,1,0.0,0,0
20427-84-3,91.8181818181818,1,0.6922236968460359,4474.85971900002,0.59322,18.75,1.2383294334671051,0.1528456570644788,4.64799018317102,1.1847637146776375,0.259,0.0012227652565158,-0.1009376981797515,24.333667821301773,0.6471035148491616,0.0404261601550695,0.0,123.91246340306984,0.0,0.0,-0.6451010549280516,0,0.0,0,0,0.2727272727272727,0.0,0.0027209859544925,1.3934073522682269,0,0,3119.487360000004,0,1,0,0.0,0,0.912609775155902,0.0833333333333333,0,0,3.5125237998324232,0,0
206-44-0,84.375,1,1.17067397579863,4505.556245,0.71429,25.5,0.8463541666666664,-0.0968286390532546,7.6094362554049,0.0186640710059176,0.003,-0.0018269554538349,0.0006506679287003,13.893595587227583,0.4703518767585289,0.0056784223421852,0.0,138.9307352485419,0.0,0.0,45.84748269822489,0,0.0,0,0,1.0,0.0,0.003162557194218,0.0,0,0,6.0963840000000005,0,0,0,0.0,0,1.2574404761904756,0.4378968185089305,0,0,0.0,0,0
23488-38-2,92.45108135942328,1,0.9104427139035132,25441.155663,1.07692,14.0,0.3707598281044708,-0.623831185185184,3.84079549613978,0.2352867407407411,0.003,-0.0297062469135801,0.0050316727738013,0.0,0.5269062927184989,0.0,0.0,114.73661637051865,0.0,0.0,0.0,0,0.0,0,0,0.5,0.0,1.8503717077085938e-17,0.0,0,0,0.0,0,0,0,0.0,0,1.5331638248245838,0.037037037037037,0,0,0.0,0,0
2385-85-5,92.45108135942328,1,0.5788609315286524,45915.835368,0.57437,16.0,1.1,0.7905733884297497,6.55250788703459,-3.610285140495864,0.003,0.0494108367768593,0.0,0.0,0.4903549449600559,0.0,0.0,503.97095841309095,0.0,0.0,0.0,12,25.57653020608757,0,0,0.4545454545454545,0.0,9.251101342423457e-18,0.0,0,0,0.0,0,0,0,0.0,0,0.0,3.5625,0,0,0.0,0,0
26040-51-7,92.45108135942328,1,1.1764460578741391,35715.3664300002,0.72539,28.5,0.8655739600489109,6.549638157024762,5.75316769983694,1.6430299090909228,0.003,0.0383019775264606,-0.2648805049307596,8.319504142882373,0.5963714305404663,0.1551612978217974,0.0,177.23249403689542,0.8255033536204522,0.0,-58.88127151379255,0,0.0,0,0,0.1875,0.0,1.398620802506301e-17,1.1689654294123215,0,0,20982.578090000017,0,1,0,0.0,0,0.9412151219460386,0.037037037037037,0,1,0.0,0,1
31107-44-5,92.45108135942328,1,0.9971176936454252,40348.666085,0.57016,22.0,0.5953101985504612,-3.644190292403752,6.38012253689976,-0.0767268491155091,0.003,-0.0560644660369808,0.162325744522333,0.0,0.7004820005555936,0.1219740509714429,0.0,403.0520650150237,3.6089231824417,0.0,245.1396287460977,12,5.803168461877978,0,0,0.4838709677419355,0.0,1.3363795666784292e-17,0.0,0,1,8796.917500000001,0,1,0,0.0,0,0.8952458082245331,1.3455119064137897,0,0,0.0,0,0
3278-89-5,92.45108135942328,1,0.5752682021470222,10220.641605,0.87748,16.0,0.652805066644064,-0.0826453900000001,4.12309397550809,0.1895361900000006,0.003,-0.0034435579166666,-0.0384666010368398,1.9692593638364124,0.8293020247188075,0.0221747694951727,0.6216014739229025,203.4275705372884,0.0,0.0,-2.22076482250003,0,0.0,0,0,0.4615384615384615,0.0,0.0170500907487648,0.6680479969765686,0,0,1068.5486079999996,0,0,0,0.0,0,1.0885781626455415,0.0555555555555555,0,0,0.0,0,0
3322-93-8,92.45108135942328,1,1.1542096148902057,21645.816607,1.07692,6.0,1.0001388068690258,-0.1502920833333334,2.484906649788,0.0999964166666661,0.06,-0.003339824074074,0.004076311091308,2.449489742783178,0.6817535766546096,0.0,0.0,195.0140114628262,5.377614743428236,0.0,0.0,0,0.0,0,0,0.5,0.0,0.0066113080619039,1.7496014949189551,0,0,0.0,0,1,0,0.0,0,1.14537552625327,0.0680413817439771,0,0,0.0,0,0
35109-60-5,92.45108135942328,1,0.7590956512360592,19246.118021,0.99138,16.0,0.7929128855369997,-0.1498575144628096,4.23772314506745,0.0546593181818185,0.022,-0.0055502783134373,-0.0203040090670868,1.6509636244473136,0.8496048909370342,-0.0033154695922422,0.0,288.05185045525445,1.0339978190350212,0.0,49.11322132782366,0,0.0,0,0,0.4,0.0,0.0130889441596055,1.5580139337971128,0,0,8574.011231999997,0,0,0,0.0,0,0.8512063958574682,0.0555555555555555,0,0,0.0,0,0
375-73-5,6.3909774436090325,0,0.7752766745242169,11298.9590755784,0.26147,13.25,1.1842486282006914,0.4399477499999988,0.0,0.8761842499999981,0.003,0.0209498928571428,-0.1151931774102759,0.0,0.7767760611685901,0.0,0.0,168.72367584327574,0.0,0.0,0.0,0,3.965406456500188,0,0,0.0,0.0,1.632680918566407e-17,0.0,0,0,0.0,0,0,0,0.0,0,0.786937183349525,0.0,0,0,10.18291365791287,0,0
37853-59-1,93.3023040049482,1,0.955398801352256,20244.256257,0.90384,28.5,0.5993073830606999,-0.4080652488888877,4.89034912822175,0.1061037377777758,0.003,-0.0083278622222221,-0.1402224151128127,3.424111710429462,0.6229127596336597,0.0036122677215171,0.0,201.49151827101647,0.0,0.0,-307.51946367460334,0,0.0,0,0,0.7272727272727273,0.0,3.784851220313034e-17,0.7135400263500464,0,0,12047.826234000002,0,0,0,0.0,0,1.341727586929274,0.1111111111111111,0,0,0.0,0,0
38521-51-6,92.45108135942328,1,0.7486208672835386,39744.523037,1.21052,15.0,0.7584228614642363,-0.0161333333333341,4.27492849911751,0.011777333333333,0.003,-0.0013444444444445,0.0,0.0,0.6525023761950111,0.0,0.0,333.04730542393673,0.0,0.0,0.0,0,0.0,0,0,0.4615384615384615,0.0,0.0059419129906332,1.6038940329218103,0,0,0.0,0,0,0,0.0,0,3.1023474399259703,0.037037037037037,0,0,0.0,0,0
39569-21-6,92.45108135942328,1,0.5885665476239834,32695.419927,1.02087,14.75,0.3539409899956012,-0.2061448133333331,3.84079549613978,0.1993550533333328,0.003,-0.0171787344444444,0.0,0.0,0.7140968059357052,0.0,0.0,147.8667267712162,0.0,0.0,0.0,1,0.0,0,0,0.5,0.0,1.8503717077085938e-17,0.0,0,0,0.0,0,0,0,0.0,0,3.8627965776070834,0.037037037037037,0,0,0.0,0,0
51805-45-9,7.199734571997343,0,0.515044417696141,3830.322034722,0.48077,13.5,1.4159075328308257,1.7773305015608698,2.94443897916644,-1.6326945140478677,1.767,0.0236977400208115,-1.0628564184040183,6.3771225031289545,0.6122617409642391,1.513350010363082,0.5880472971081436,134.926027434921,0.0,0.0,39.53004836711533,0,0.0,0,0,0.0,0.0,2.2442984970449945e-17,0.5586831275720163,0,1,3156.4513080000006,0,0,0,0.0,1,0.9518882434125312,0.0,0,0,0.0,0,0
51936-55-1,92.45108135942328,1,0.8652577817781267,31969.264306,0.70998,14.5,0.7514608633903614,-2.955447258034897,5.2257466737132,2.700951948576675,0.041,-0.0295544725803489,0.0476643576148532,2.6207413942088964,0.6876220337918441,0.0227143963186076,0.0,225.62672973970123,5.140954725511604,0.0,458.85871625619785,6,2.381101577952299,0,0,0.6190476190476191,0.0,0.0130045602430334,1.71547108143669,0,0,5736.6608,0,1,0,0.0,0,1.181532661346358,0.599595054408261,0,0,0.0,0,0
583-53-9,92.45108135942328,1,1.5561607834593658,10917.340715,0.98837,11.0,0.7627439256189512,-0.1287742499999998,2.15103519486684,0.1287742499999999,0.003,-0.0429247499999999,0.0,3.965406456500188,0.5350950905814501,0.0,0.0,0.0,0.0,0.0,0.0,0,0.0,0,0,0.75,0.0,4.8572257327350605e-17,0.0,0,0,0.0,0,0,0,0.0,0,0.0,0.0833333333333333,0,0,0.0,0,0
608-90-2,92.45108135942328,1,0.3111198057134919,35753.959307,1.20331,14.0,0.6398231908042497,0.0690834374999994,3.44601139745195,-0.1673656875000004,0.003,0.0230278124999998,0.0,0.0,0.4976786026332263,0.0,0.0,0.0,0.0,0.0,0.0,0,0.0,0,0,0.5454545454545454,0.0,6.055761952500852e-17,0.0,0,0,0.0,0,0,0,0.0,0,0.0,0.0453609211626514,0,0,0.0,0,0
615-54-3,92.45108135942328,1,0.5799300727424272,12971.634763,1.07692,12.0,0.6634054277256489,0.1173624375,2.15103519486684,-0.2156446874999997,0.003,0.0391208125,0.0,1.6509636244473134,0.59298098188371,0.0,0.0,0.0,0.0,0.0,0.0,0,0.0,0,0,0.6666666666666666,0.0,0.0025842916595504,0.0,0,0,0.0,0,0,0,0.0,0,0.0,0.0680413817439771,0,0,0.0,0,0
636-28-2,92.45108135942328,1,0.0,21250.507627,1.14679,13.0,0.6144811201521915,0.3143579999999997,2.78423933945976,-0.3143579999999998,0.003,0.1047859999999999,0.0,0.3333333333333333,0.5350950905814501,0.0,0.0,0.0,0.0,0.0,0.0,0,0.0,0,0,0.6,0.0,4.440892098500626e-17,0.0,0,0,0.0,0,0,0,0.0,0,0.0,0.0555555555555555,0,0,0.0,0,0
78-30-8,83.03186907838071,1,2.435802817849684,8457.41326129199,0.60918,36.75,0.8735392506906594,-0.7117791688546806,5.82701360541717,-0.2315528773200512,0.003,-0.0069782271456341,-0.0026844885059675,13.068179445467196,0.5572456065569897,0.0483981903489607,0.0,200.95544396786988,0.0,0.0,-12.500167617156468,0,0.0,0,0,0.8461538461538461,0.0,2.8022456150394575e-17,0.0,0,0,6646.3443029999935,0,0,0,0.0,0,0.5854861154791431,0.25,0,0,0.0,0,0
78-40-0,36.17920540997464,0,1.2031647302067765,3196.314859722,0.50473,8.25,0.9115360196182304,-4.472937394970397,0.0,-0.8079367411242584,0.003,-0.0993986087771199,0.0333435514196191,0.75,0.5229271006057488,0.0173546151767314,0.0,113.01453621188236,0.0,0.0,35.975894190545404,0,0.0,0,0,0.0,0.0,2.897776715552167e-18,0.3855024005486969,0,0,27.433728,0,0,0,0.0,0,1.5293778120867767,0.0,0,0,0.0,0,0
78-42-2,90.21612450815532,1,2.107601400674058,7927.25025172202,0.6187,17.25,1.2391437002915948,-0.4856209710938531,3.68887945411394,0.9447383160937536,0.003,-0.0021583154270837,-0.2567295059635377,18.77686179985849,0.4856070882085338,0.1701657920021031,0.0,134.0580974738352,1.3414869018467497,0.0,-4.391108632183823,0,0.0,0,0,0.0,0.0,1.148506577198438e-17,1.192026560288391,0,0,7797.570267864021,0,1,0,0.0,0,1.061432819908941,0.0,1,0,0.0,0,0
78-51-3,69.06854137984803,1,1.1147670028334336,6492.98558272202,0.52782,17.25,1.1562407182839434,3.756893567573894,3.43398720448515,1.44318010863904,0.003,0.0272238664316948,-0.4166815994429959,17.712985460186182,0.5283055773270138,0.2394982450483436,0.0,141.0976316972735,0.0,0.0,-7.9610137275016095,0,0.0,0,0,0.0,0.0,0.0,1.0787824389014866,0,0,6481.960954722019,0,0,0,0.0,0,1.2201872281715396,0.0,1,1,0.0,0,0
791-28-6,44.64285714285714,0,1.5394708395354797,6977.420327868,0.70938,30.75,1.007792759835587,-0.4677229542857142,6.30581897847558,0.3681065216326526,0.003,-0.0055681304081632,-0.0069047152997162,26.958891049178693,0.4017690966119497,0.0035121072285413,0.0,182.5723521617149,0.0,0.0,10.390452995815098,0,0.0,0,0,0.95,0.0,1.1102230246251566e-17,0.0,0,0,747.7480110000001,0,0,0,0.0,0,1.161379875711965,0.3061862178478973,0,0,0.0,0,0
80-05-7,87.3941798941799,1,0.293495193528244,4519.536538,0.60794,22.5,0.9048741883018836,0.4981767933884262,5.53782627194851,-0.455816859504131,1.089,0.0052997531211534,-0.1036603856079662,8.691901917570458,0.6064651868729705,0.0184425582913852,0.0,132.1799383559887,0.0,0.0,9.524362049586786,0,0.0,0,0,0.7647058823529411,0.0,2.7590754526232578e-17,0.0,0,0,1090.5417729999983,1,0,0,5.472983302379479,0,0.8841144146862326,0.1666666666666666,0,0,0.0,0,0
85-22-3,93.51923076923076,1,0.7961766005364744,38156.015039,1.13074,15.0,0.4600057793324523,-0.5594076481481479,4.27492849911751,0.7408964444444438,0.003,-0.0233086520061728,-0.0088858900899505,0.0,0.6653361675159981,0.0,0.0,172.74589559569097,0.0,0.0,0.0,0,0.0,0,0,0.4615384615384615,0.0,0.0059419129906332,1.3700977366255145,0,0,0.0,0,0,0,0.0,0,2.5162930286027434,0.037037037037037,0,0,0.0,0,0
87-82-1,92.54424779,1,0.0,50257.410987,1.24999,15.0,1.2222222222222223,0.1677967499999992,3.84079549613978,-0.1677967500000005,0.003,0.0559322499999997,0.0,0.0,0.2789429456511298,0.0,0.0,0.0,0.0,0.0,0.0,0,0.0,0,0,0.5,0.0,1.8503717077085938e-17,0.0,0,0,0.0,0,0,0,0.0,0,0.0,0.037037037037037,0,0,0.0,0,0
87-83-2,92.45108135942328,1,0.6383830026476466,37849.283325,1.16412,14.5,0.3586831803526812,-0.2807022533333334,3.84079549613978,0.2465512133333327,0.003,-0.0233918544444444,0.0,0.0,0.6054933386198771,0.0,0.0,147.8667267712162,0.0,0.0,0.0,0,0.0,0,0,0.5,0.0,1.8503717077085938e-17,0.0,0,0,0.0,0,0,0,0.0,0,3.672368026199043,0.037037037037037,0,0,0.0,0,0
91-20-3,98.58333333333334,1,1.165044036751091,1979.407596,0.71429,15.5,1.0199999999999998,-0.0023423209876553,5.61449578382944,-0.0169818271604935,0.003,-0.0001064691358025,0.0018815736227073,11.678631656953222,0.4404375780076933,0.0,0.0,64.54489320676558,0.0,0.0,0.0,0,0.0,0,0,1.0,0.0,5.2735593669694933e-17,0.0,0,0,0.0,0,0,0,0.0,0,0.7650000000000001,0.1666666666666666,0,0,0.0,0,0
94-13-3,96.84136182681442,1,1.378523632694573,2853.896167,0.52631,15.5,1.0347656703161947,-0.8839291903999955,4.31331274212583,-0.3415222400000001,0.546,-0.0285138448516127,-0.1325574624746255,5.03405078222385,0.821227129747355,-0.0162356613233612,0.0,158.55092647345936,0.0,0.0,0.5252920224000164,0,0.0,0,0,0.4615384615384615,0.0,0.0104322377841156,0.8093487811791384,0,0,512.020702,1,0,0,0.0,0,1.2405883018010668,0.0833333333333333,0,1,0.0,0,0
94-26-8,58.593970132431664,1,1.4722581288330798,3050.652896,0.53719,16.0,1.0826609965958478,-1.119360163265306,4.35269436927093,-0.1923100408163263,0.546,-0.0279840040816326,-0.1420339371955312,6.525200882609978,0.8012354585841857,-0.0229467709575788,0.0,170.6131454589243,0.0,0.0,-6.917809020901896,0,0.0,0,0,0.4285714285714285,0.0,0.0126938057584646,1.0028351494918957,0,0,871.1593439999997,1,0,0,0.0,0,1.239429431521672,0.0833333333333333,0,1,0.0,0,0
99-76-3,98.3134396627349,1,1.1162237411140912,2426.625081,0.5,14.5,0.8258631582978588,-0.5739627479224383,4.15005516923611,-0.4226707146814403,0.546,-0.0260892158146562,-0.1134737980785096,3.3019272488946267,0.7924079020808124,-0.052090027123858,0.0,115.30169275546076,0.0,0.0,-48.95800092243768,0,0.0,0,0,0.5454545454545454,0.0,0.0030582486197038,0.0,0,0,60.488064,1,0,0,0.0,0,1.116647927758606,0.0833333333333333,0,0,0.0,0,0
99717-56-3,92.45108135942328,1,0.7392391440042272,11801.007381,0.93846,17.0,0.5695962690989003,-0.1673844399999998,4.22683374526818,0.0172052400000002,0.003,-0.0069743516666666,-0.0770071873705499,0.944940787421155,0.8293020247188075,0.0415606967410444,0.6164574410010919,293.1195890331656,0.0,0.0,623.8388177974999,0,0.0,0,0,0.4285714285714285,0.0,0.0138550106728572,0.7997352397749224,0,0,7372.654592000001,0,0,0,0.0,0,0.6743400427569259,0.0555555555555555,0,0,0.0,0,0
100-41-4,0.0,0,0.934348981619134,1250.044159,0.71429,10.0,1.0837499999999998,-0.0008783703703716,2.78423933945976,-0.0131755555555553,0.003,-3.659876543215143e-05,0.0021095628292111,7.732315986074721,0.6653361675159981,0.0,0.0,58.96803507745969,0.0,0.0,0.0,0,0.0,0,0,0.75,0.0,0.0096947018218741,1.1397222222222223,0,0,0.0,0,0,0,0.0,0,0.6375000000000002,0.1020620726159657,0,0,0.0,0,0
1031-07-8,0.0,0,1.014451025969458,22586.239531,0.51066,17.75,0.5296081693186183,-2.415721750000003,5.42934562895444,-0.2929192499999975,0.003,-0.0473670931372549,0.1803125654529606,0.3333333333333333,0.7708888654040704,0.0,0.0,324.6042394189068,0.966531207133059,0.0,0.0,6,2.381101577952299,0,0,0.6,0.0,0.0121931598760816,0.4589111796982168,0,1,0.0,0,1,0,0.0,0,0.9337712077262458,0.5995950544082609,0,0,0.0,0,0
106-46-7,0.0,0,0.0,2377.775395,0.63525,11.5,0.8617279017726266,0.5345627500000002,0.0,-0.53456275,0.003,0.1781875833333334,0.0,3.3019272488946267,0.5350950905814501,0.0,0.0,0.0,0.0,0.0,0.0,2,0.0,0,0,0.75,0.0,1.3877787807814457e-17,0.0,0,0,0.0,0,0,0,0.0,0,0.0,0.0833333333333333,0,0,0.0,0,0
107-02-8,0.0,0,0.0,247.660437,0.51402,4.75,1.2326165871142485,0.0,0.0,-0.0681,0.003,0.0,0.0,1.0,0.9166666666666666,0.0,0.0,0.0,0.0,0.0,0.0,0,0.0,0,0,0.0,0.0,0.0,0.0,0,0,0.0,0,0,0,0.0,0,0.0,0.0,0,0,0.0,0,0
107-06-2,0.0,0,0.0,1403.701156,0.5822,2.0,1.166666666666667,0.0,0.0,0.0110775625000001,0.003,0.0,0.0,1.0,0.5,0.0,0.0,0.0,0.0,0.0,0.0,2,0.0,0,0,0.0,0.0,5.551115123125783e-17,1.555727023319616,0,0,0.0,0,0,0,0.0,0,0.0,0.0,0,0,0.0,0,0
107-13-1,0.0,0,0.0,208.603437,0.59375,7.75,1.1556992208503098,0.0,0.0,-0.0219,0.022,0.0,0.0,1.0,0.8982265179691364,0.0,0.0,0.0,0.0,0.0,0.0,0,0.0,0,0,0.0,0.0,0.0,0.0,0,0,0.0,0,0,0,0.0,0,0.0,0.0,0,0,0.0,0,0
108-60-1,0.0,0,0.3925305186667634,2951.1483,0.56434,5.0,1.0700111188798436,0.086183999999996,0.0,-0.2457919999999934,0.003,0.0023939999999998,0.0,0.25,0.5933400093427682,0.0,0.0,70.35210304871443,1.0587688614540465,0.0,0.0,2,0.0,0,0,0.0,0.0,6.167905692361981e-17,1.2971724965706448,0,0,0.0,0,0,0,0.0,0,0.6803629068604715,0.0,0,0,0.0,0,0
108-88-3,74.29677419354839,1,0.6865303783513905,943.312445,0.71429,9.5,1.0156250000000002,0.0177079466666657,0.0,-0.0518589866666662,0.003,0.0014756622222221,0.0,6.083643418932058,0.6054933386198771,0.0,0.0,31.083744430930263,0.0,0.0,0.0,0,0.0,0,0,0.8571428571428571,0.0,0.001635681592651,0.0,0,0,0.0,0,0,0,0.0,0,0.0,0.1020620726159657,0,0,0.0,0,0
108-90-7,0.0,0,1.5366404185432303,1480.974599,0.66496,10.25,1.0099833909599538,-0.0649390625,0.0,-0.1299831874999999,0.003,-0.0216463541666666,0.0,6.083643418932058,0.4976786026332263,0.0,0.0,0.0,0.0,0.0,0.0,1,0.0,0,0,0.8571428571428571,0.0,0.001635681592651,0.0,0,0,0.0,0,0,0,0.0,0,0.0,0.1020620726159657,0,0,0.0,0,0
108-95-2,92.9796918767507,1,1.404065776811365,998.723637,0.58823,10.25,1.1857882732624223,-0.04573675739645,0.0,-0.1844648520710055,0.546,-0.0076227928994083,0.0,6.083643418932058,0.6182464502057431,0.0,0.0,31.083744430930263,0.0,0.0,0.0,0,0.0,0,0,0.8571428571428571,0.0,0.0016356815926511,0.0,0,0,0.0,1,0,0,0.0,0,0.0,0.1020620726159657,0,0,0.0,0,0
111-44-4,0.0,0,0.5252513915799657,1686.856574,0.53451,4.0,1.106624711132323,-0.2077163200000017,0.0,0.2258126400000016,0.003,-0.0115397955555556,0.0,2.94168275343288,0.6245948969456039,0.0,0.0,125.43893248486216,0.0,0.0,0.0,2,0.0,0,0,0.0,0.0,1.5860328923216518e-17,1.320644718792867,0,0,0.0,0,0,0,0.0,0,1.0451973977995064,0.0,0,0,0.0,0,0
111-91-1,48.96153846153846,0,0.9652295341869236,2119.612904,0.49922,5.5,1.0230923152319882,0.2022351357340731,1.09861228866811,0.142693130193907,0.003,0.0084264639889197,-0.0249559083003129,3.68599400796656,0.6778614869719689,0.0043653856982311,0.0,159.3157750770554,0.0,0.0,11.435669444444413,2,0.0,0,0,0.0,0.0,1.2335811384723961e-17,1.2387692901234568,0,0,1403.701156,0,0,0,0.0,0,1.0713314386412292,0.0,0,0,0.0,0,0
117-81-7,78.88888888888889,1,1.3889705272387554,7088.26841400002,0.58823,24.5,1.1518377550198162,2.222887338842909,5.23627572560905,0.7573069090909167,0.003,0.012999341162824,-0.1956191549466941,16.3074637616075,0.5963714305404663,0.1462799637370138,0.0,150.10546953836229,0.7349848502657498,0.0,-1.8987956241322232,0,0.0,0,0,0.2142857142857142,0.0,1.982541115402065e-18,1.1350502404558702,0,0,6443.4654180000025,0,1,0,0.0,0,1.0697572032675324,0.0833333333333333,0,1,0.0,0,1
118-74-1,0.0,0,0.0,13082.486763,0.5822,16.5,1.2222222222222223,0.3985807499999991,3.84079549613978,-0.398580750000001,0.003,0.1328602499999997,0.0,0.0,0.2789429456511298,0.0,0.0,0.0,0.0,0.0,0.0,6,0.0,0,0,0.5,0.0,1.8503717077085938e-17,0.0,0,0,0.0,0,0,0,0.0,0,0.0,0.037037037037037,0,0,0.0,0,0
121-14-2,0.0,0,1.1196994829347384,3300.588278,0.43445,20.0,0.9226319932239758,-1.3869125872576138,4.86825534439525,-0.4558461939058225,0.003,-0.0462304195752537,-0.0187041307866995,1.6509636244473134,0.8078347747194923,0.0,0.0,172.35889981471598,0.0,0.0,0.0,0,0.0,1,0,0.4615384615384615,0.0,0.0037224001476158,0.0,0,0,0.0,0,0,0,0.0,1,0.5972611093746485,0.0680413817439771,0,0,0.0,0,0
122-66-7,0.0,0,1.535076582461382,2736.158551,0.64151,21.0,1.1582788985253922,-0.172735147928994,4.72184149279178,-0.0639435502958568,0.003,-0.0045456617876051,0.0111485531565862,12.737873119605036,0.4867169578010953,-0.0009622087537968,0.0,193.8098894708557,0.0,0.0,-3.084629276415881,0,0.0,1,0,1.0,0.4547222222222222,9.912705577010326e-18,0.0,0,0,778.8984039999998,0,0,0,0.0,0,0.9612149911513612,0.2041241452319315,0,0,0.0,0,0
124-48-1,0.0,0,0.0,0.0,1.07237,1.75,1.3329849668782678,0.0,0.0,0.0,0.21,0.0,0.0,0.0,0.6277293767706428,0.0,0.0,0.0,1.464506172839506,0.0,0.0,1,0.0,0,0,0.0,0.0,0.0,0.0,0,0,0.0,0,0,0,0.0,0,0.0,0.0,0,0,0.0,0,0
127-18-4,10.887096774193548,0,0.0,5026.81,0.55556,5.0,1.25,0.0,0.0,0.2361960000000006,0.003,0.0,0.0,0.0,0.355245321275764,0.0,0.0,0.0,0.0,0.0,0.0,4,0.0,0,0,0.0,0.0,7.401486830834377e-17,0.0,0,0,0.0,0,0,0,0.0,0,0.0,0.0,0,0,0.0,0,0
131-11-3,0.0,0,0.7718687196665879,3561.0427,0.49223,17.5,0.6507301091447253,1.265307749999999,4.7996570280525,-0.1286815833333336,0.003,0.0324437884615384,-0.1712666349964504,3.965406456500188,0.6591232116726949,0.0245199322962486,0.0,134.12406213265268,0.0,0.0,11.202486548611128,0,0.0,0,0,0.4285714285714285,0.0,1.1895246692412392e-17,0.0,0,0,78.738912,0,0,0,0.0,0,1.446942142979416,0.0833333333333333,0,0,0.0,0,1
14265-45-3,56.06060606060606,1,0.0,0.0,0.34161,3.75,0.0,0.0,0.0,0.0,0.003,0.0,0.0,0.0,0.5,0.0,0.0,0.0,0.0,0.0,0.0,0,0.0,0,0,0.0,0.0,2.775557561562892e-17,0.0,1,0,0.0,0,0,0,0.0,0,0.0,0.0,0,0,0.0,0,0
1634-04-4,32.24137931034483,0,0.0368711537470938,832.184139,0.57047,3.0,0.800042957726463,0.2796853333333295,0.0,-0.982998370370366,0.003,0.0103587160493825,0.0,0.0,0.493208311045421,0.0,0.0,0.0,0.0,0.0,0.0,0,0.0,0,0,0.0,0.0,0.0180352690572169,0.0,0,0,0.0,0,0,0,0.0,0,0.0,0.0,0,0,0.0,0,0
32598-13-3,78.30188679245285,1,0.6539201222030385,8278.10223,0.63525,23.5,0.7545820507416314,0.0309952066115686,6.30581897847558,0.316913867768595,0.003,0.0009116237238696,-0.0613517880932785,5.469631815745401,0.5411201791593216,-0.0002868213115222,0.0,247.60382981380897,0.0,0.0,63.97330148760352,4,0.0,0,0,0.75,0.0,0.0,0.0,0,0,3436.4521000000004,0,0,0,0.0,0,1.0549213983200545,0.1360827634879543,0,0,0.0,0,0
3268-87-9,80.94048096192384,1,0.6895357258694946,20145.961765,0.55225,31.0,0.9503224853789498,0.7632857024793389,6.63676642947202,-0.1879776033057854,0.003,0.0272602036599763,-0.1050653442965116,0.0,0.4903549449600559,0.0491294047681332,0.0,455.87407721129983,0.0,0.0,75.35028957851242,8,0.0,0,0,0.6363636363636364,0.0,7.569702440626067e-18,0.0,0,0,9243.3748,0,0,0,0.0,0,0.2538765296006467,0.1296296296296296,0,0,0.0,0,0
35822-46-9,81.69354838709678,1,0.6443845529511113,17546.589583,0.55468,29.75,0.6905514755366967,0.9288554999999996,6.56014625795001,-0.3366992500000002,0.003,0.0331734107142856,-0.1103657475789445,0.0,0.6008331553544386,0.0232534970395798,0.0,411.1520594057188,0.0,0.0,53.17450900165301,7,0.0,0,0,0.6666666666666666,0.0,0.0020138636929275,0.0,0,0,8022.405900000001,0,0,0,0.0,0,1.10627577717569,0.137953513755244,0,0,0.0,0,0
39001-02-0,0.0,0,0.9447798823650744,19271.380971,0.575,31.0,0.8952950283388351,-0.3957533174603179,7.5147401538076,-0.0877463265306119,0.003,-0.0141340470521542,0.0254902522810767,0.0,0.5663423834343752,0.0751390895980827,0.0,466.2885548792658,0.0,0.0,205.06103619274384,8,0.0,0,0,0.6190476190476191,0.0,1.0573552615477679e-17,0.0,0,0,3770.1075,0,0,0,0.0,1,0.3804084531041341,0.2555177587246798,0,0,0.0,0,0
51-28-5,0.0,0,0.9963772645698326,3407.839482,0.39806,20.75,1.110943945385208,-1.2076456885813112,4.86825534439525,-0.9184677231833972,0.021,-0.0603822844290655,-0.0555204823831561,1.6509636244473134,0.845224173069128,0.0,0.0,172.1486775486333,0.0,0.0,0.0,0,0.0,1,0,0.4615384615384615,0.0,0.0037224001476157,0.0,0,0,0.0,1,0,0,0.0,1,0.4384367433044548,0.0680413817439771,0,0,0.0,0,0
534-52-1,0.0,0,0.7568161550106695,3931.924097,0.41339,21.25,0.8769658366849921,-0.4331364799999999,5.12433593402908,-0.6278732800000016,0.021,-0.0135355149999999,-0.0555240488388847,0.4999999999999999,0.8524398460347834,0.0,0.0,109.44803744733714,0.0,0.0,0.0,0,0.0,1,0,0.4285714285714285,0.0,0.0038778208248298,0.0,0,0,0.0,0,0,0,0.0,1,0.6820977466760303,0.0555555555555555,0,1,0.0,0,0
56-23-5,0.0,0,0.0,0.0,0.53776,3.0,0.0,0.0,0.0,0.0,0.003,0.0,0.0,0.0,0.1109175070825711,0.0,0.0,0.0,0.0,0.0,0.0,4,0.0,0,0,0.0,0.0,2.220446049250313e-17,0.0,0,0,0.0,0,0,0,0.0,0,0.0,0.0,0,0,0.0,0,0
62-75-9,0.0,0,0.0,541.684842,0.42105,4.25,0.4905249184543828,0.0,0.0,-0.5368319999999998,0.003,0.0,0.0,0.0,0.5398672663189945,0.0,0.0,0.0,0.0,1.19444444444444,0.0,0,0.0,0,0,0.0,0.0,0.0121620326439282,0.0,0,0,0.0,0,0,0,0.0,0,0.0,0.0,0,0,0.0,0,0
621-64-7,0.0,0,0.7640830896981553,1648.581488,0.52542,6.25,1.231098121569635,-0.744878578449903,0.0,-0.1019618903591692,0.003,-0.0206910716236084,-0.0012118498110053,2.94168275343288,0.639474423332897,0.0047822647844631,0.0,77.58499273036983,0.0,1.55555555555556,21.64555396786387,0,0.0,0,0,0.0,0.0,1.2335811384723961e-17,0.9918055555555556,0,0,9.144576,0,0,0,0.0,0,0.9017158528466458,0.0,0,1,0.0,0,0
67-64-1,82.10526315789474,1,0.0,169.40448,0.51402,3.25,0.9146671021485776,0.0,0.0,-0.8332012799999982,0.003,0.0,0.0,0.0,0.4729032506370176,0.0,0.4013888888888889,0.0,0.0,0.0,0.0,0,0.0,0,0,0.0,0.0,2.775557561562892e-17,0.0,0,0,0.0,0,0,0,0.0,0,0.0,0.0,0,0,0.0,0,0
67-72-1,0.0,0,0.0,11310.3225,0.54412,5.0,1.1666666666666667,0.0,0.0,0.2989355624999993,0.003,0.0,0.0,0.0,0.2704260414863776,0.0,0.0,0.0,0.0,0.0,0.0,6,1.0,0,0,0.0,0.0,7.63278329429795e-17,0.0,0,0,0.0,0,0,0,0.0,0,0.0,0.0,0,0,0.0,0,0
71-43-2,0.0,0,0.0,584.173803,0.71429,9.0,1.2222222222222223,0.0177869999999995,0.0,-0.0177870000000003,0.003,0.0059289999999998,0.0,9.125465128398089,0.2789429456511298,0.0,0.0,0.0,0.0,0.0,0.0,0,0.0,0,0,1.0,0.0,1.2027416100105862e-16,0.0,0,0,0.0,0,0,0,0.0,0,0.0,0.125,0,0,0.0,0,0
71-55-6,0.0,0,0.0,321.6024,0.56556,2.75,0.4067688721563157,0.0,0.0,-1.7078061093749992,0.003,0.0,0.0,0.0,0.603759374819711,0.0,0.0,0.0,0.0,0.0,0.0,3,0.0,0,0,0.0,0.0,2.220446049250313e-17,0.0,0,0,0.0,0,0,0,0.0,0,0.0,0.0,0,0,0.0,0,0
72-43-5,60.56802244039271,1,0.4956884148275718,7036.191982,0.59099,25.75,0.7052821901678065,-0.950345038580247,5.94640180247107,-0.9640708603395056,0.003,-0.0101100536019175,0.3535374960437858,8.691901917570458,0.6332169954784115,0.0476763483565947,0.0,179.24400797125762,0.54617388930881,0.0,14.480963975308631,3,0.0,0,0,0.6190476190476191,0.0,3.1720657846433036e-17,0.0,0,0,4313.098277000005,0,0,0,0.0,0,1.0719537535735677,0.1666666666666666,0,0,0.0,0,0
74-87-3,78.68852459016394,1,0.0,0.0,0.5822,0.75,0.92863148593289,0.0,0.0,0.0,0.003,0.0,0.0,0.0,0.3904362833084089,0.0,0.0,0.0,0.0,0.0,0.0,1,0.0,0,0,0.0,0.0,0.0,0.0,0,0,0.0,0,0,0,0.0,0,0.0,0.0,0,0,0.0,0,0
75-00-3,37.49999999999999,0,0.0,113.297184,0.61539,1.25,1.0764455017417447,0.0,0.0,-0.194895984375,0.003,0.0,0.0,0.0,0.7185463540765221,0.0,0.0,0.0,0.0,0.0,0.0,1,0.0,0,0,0.0,0.0,1.8503717077085943e-16,1.4135802469135803,0,0,0.0,0,0,0,0.0,0,0.0,0.0,0,0,0.0,0,0
75-01-4,0.0,0,0.0,73.499328,0.61539,2.75,1.0890944864022731,0.0,0.0,-0.192942,0.022,0.0,0.0,0.0,0.8710490642551527,0.0,0.0,0.0,0.0,0.0,0.0,1,0.0,0,0,0.0,0.0,1.8503717077085943e-16,0.0,0,0,0.0,0,0,0,0.0,0,0.0,0.0,0,0,0.0,0,0
75-09-2,25.000000000000004,0,0.0,0.0,0.55556,1.5,1.189226958276819,0.0,0.0,0.0,0.003,0.0,0.0,0.0,0.4554587535412856,0.0,0.0,0.0,0.0,0.0,0.0,2,0.0,0,0,0.0,0.0,1.480297366166875e-16,1.5771604938271606,0,0,0.0,0,0,0,0.0,0,0.0,0.0,0,0,0.0,0,0
75-25-2,61.11111111111112,1,0.0,0.0,1.49999,1.5,1.3317210842792215,0.0,0.0,0.0,0.21,0.0,0.0,0.0,0.3904362833084089,0.0,0.0,0.0,1.534722222222222,0.0,0.0,0,0.0,0,0,0.0,0.0,0.0,0.0,0,0,0.0,0,0,0,0.0,0,0.0,0.0,0,0,0.0,0,0
75-35-4,0.0,0,0.0,142.9344,0.5822,3.5,0.5566884576532071,0.0,0.0,-0.742952888888889,0.003,0.0,0.0,0.0,0.7420981285103057,0.0,0.0,0.0,0.0,0.0,0.0,2,0.0,0,0,0.0,0.0,2.775557561562892e-17,0.0,0,0,0.0,0,0,0,0.0,0,0.0,0.0,0,0,0.0,0,0
77-47-4,0.0,0,0.0,13906.3969,0.57437,10.0,1.2222222222222223,0.0,0.0,-0.8125337603305796,0.003,0.0,0.0,0.0,0.7372137942564655,0.0,0.0,0.0,0.0,0.0,0.0,6,0.0,0,0,0.4545454545454545,0.0,0.0031345495616744,0.0,0,0,0.0,0,0,0,0.0,0,0.0,0.3333333333333333,0,0,0.0,0,0
78-59-1,0.0,0,2.84913210730352,2275.905003,0.62232,8.25,0.8932147934464385,-1.2097199999999897,0.0,-0.4082639999999959,0.003,-0.033603333333333,0.0,1.5000000000000004,0.7249644671600353,0.0,0.3559027777777778,31.08374443093024,0.0,0.0,0.0,0,0.0,0,0,0.6,0.0,0.0036855519311986,1.0681944444444444,0,0,0.0,0,1,0,0.0,0,0.0,0.0589255650988789,0,0,0.0,0,0
79-00-5,0.0,0,0.0,2694.105128,0.56556,2.75,1.082233578387739,0.0,0.0,-0.1484281093749995,0.091,0.0,0.0,0.0,0.8333333333333334,0.0,0.0,0.0,1.2841220850480108,0.0,0.0,3,0.0,0,0,0.0,0.0,0.0121620326439282,1.6145404663923182,0,0,0.0,0,0,0,0.0,0,0.0,0.0,0,0,0.0,0,0
79-01-6,0.0,0,0.0,2584.8722,0.56556,4.25,0.9814713025625976,0.0,0.0,-0.0801142222222223,0.022,0.0,0.0,0.0,0.8710490642551527,0.0,0.0,0.0,0.0,0.0,0.0,3,0.0,0,0,0.0,0.0,0.0121620326439282,0.0,0,0,0.0,0,0,0,0.0,0,0.0,0.0,0,0,0.0,0,0
79-34-5,0.0,0,0.0,5170.760464,0.55556,3.5,1.1666666666666663,0.0,0.0,0.1062760000000009,0.179,0.0,0.0,0.0,0.5,0.0,0.0,0.0,2.648834019204389,0.0,0.0,4,0.0,0,0,0.0,0.0,7.401486830834377e-17,0.0,0,0,0.0,0,0,0,0.0,0,0.0,0.0,0,0,0.0,0,0
8001-35-2,0.0,0,0.8164931343802633,23430.566023,0.59242,12.5,0.6619056059394902,-1.4708416094674537,4.30406509320417,0.3746508343195266,0.041,-0.022285478931325,0.0,0.4999999999999999,0.8363491895743359,0.0,0.0,137.23333099160376,2.479004629629629,0.0,0.0,8,4.242640687119286,0,0,0.3888888888888889,0.0,0.0075800781142565,1.6131910150891633,0,1,0.0,0,1,0,0.0,0,1.267201752558479,0.5920655178622098,0,0,0.0,0,0
84-66-2,53.21285140562249,1,1.0315935334902653,3934.311486,0.51402,18.5,0.9050726851544082,0.5834742400000074,4.96959626213619,-0.6812131199999993,0.003,0.0114406713725491,-0.0342969752449612,4.757576788076334,0.6772581055244612,-0.0708240183371987,0.0,169.87082427278136,0.0,0.0,-7.513428142857133,0,0.0,0,0,0.375,0.0,8.326672684688674e-17,0.2738025951121192,0,0,643.594226,0,0,0,0.0,0,1.423870842289885,0.0833333333333333,0,0,0.0,0,1
84-74-2,50.980392156862735,1,1.509575589958704,4809.09833000001,0.54687,20.5,1.073821589460159,0.980176435374156,5.08740341538998,0.1822833741496589,0.003,0.013069019138322,-0.1098640815785896,10.3424241107555,0.6665901420746032,0.0146595930096887,0.0,186.1261154266424,0.0,0.0,-8.134871205128189,0,0.0,0,0,0.3,0.0,0.0,0.9523673051019662,0,0,2840.853646000004,0,0,0,0.0,0,1.2803742709970027,0.0833333333333333,0,1,0.0,0,1
85-68-7,66.7,1,1.4844886920416622,5620.65379500001,0.56522,28.5,1.0254043659962258,1.2826010405624837,5.43821516925898,0.222940255273119,0.003,0.0166571563709413,-0.1290754495719283,16.000999950377043,0.7133072066913723,0.0439788371161413,0.0,200.33621120731777,0.0,0.0,-4.837287513250414,0,0.0,0,0,0.6521739130434783,0.0,0.0013773314955519,0.938535849899382,0,0,4038.321118000006,0,0,0,0.0,0,1.068923093303236,0.1853954059492991,0,1,0.0,0,1
86-30-6,0.0,0,1.142774236080017,3479.6203,0.59116,22.75,1.1302908388921795,-0.9395001087999976,5.41052935715496,-0.0913392127999995,0.003,-0.0223690502095237,-0.0089073018424745,13.995261637820173,0.4941354464635174,0.0014094672646768,0.0,175.92566218006442,0.0,1.36111111111111,10.226616235294133,0,0.0,1,0,0.8666666666666667,0.0,7.771561172376094e-17,0.0,0,0,249.24933700000005,0,0,0,0.0,0,1.1907290913470063,0.2041241452319315,0,1,0.0,0,0
87-68-3,0.0,0,0.0,8982.516321,0.56556,9.0,1.25,0.3401222399999997,0.0,-0.1488034800000001,0.003,0.0850305599999999,0.0,0.0,0.5785580060704263,0.0,0.0,0.0,0.0,0.0,0.0,6,0.0,0,0,0.0,0.0,6.938893903907227e-17,0.0,0,0,0.0,0,0,0,0.0,0,0.0,0.0,0,0,0.0,0,0
88-06-2,0.0,0,0.5708904022253544,4721.766069,0.55744,14.0,0.6822027665523727,0.3224428934911242,2.78423933945976,-0.3772148698224856,0.502,0.0537404822485207,0.0,0.4999999999999999,0.7764322346416845,0.0,0.0,125.1611140567369,0.0,0.0,0.0,3,0.0,0,0,0.6,0.0,0.0031980418539612,0.0,0,0,0.0,0,0,0,0.0,0,3.036304336481884,0.0555555555555555,0,0,0.4523548534609203,0,0
91-94-1,0.0,0,0.4456902979748571,5781.213654,0.61539,23.5,0.8078681599342786,0.2093720473372764,6.30581897847558,0.2505203431952666,0.497,0.0045515662464625,-0.1211725051191575,5.469631815745401,0.6439795029551799,0.1227169298385857,0.0,213.37223729249013,0.0,0.0,27.95694742764929,2,0.0,1,0,0.75,0.0,4.163336342344337e-17,0.0,0,0,1462.7957819999992,0,0,0,0.0,0,1.128371494775652,0.1360827634879543,0,0,0.3773565170047564,2,0
92-87-5,0.0,0,0.3728324627683188,3092.188946,0.64151,21.0,1.0051973765030626,0.1807189585798793,6.07268444623508,-0.2030281656804723,0.497,0.003928673012606,-0.037014084472584,9.907484227384668,0.5581428118507074,-0.0513066436492344,0.0,158.20515465316487,0.0,0.0,-2.00044108660569,0,0.0,1,0,0.8571428571428571,0.0,8.128418573148467e-17,0.0,0,0,497.937594,0,0,0,0.0,0,1.0611476890553266,0.1666666666666666,0,0,0.0,2,0
98-95-3,0.0,0,1.3348140918896143,1691.297721,0.49393,14.25,1.1865690734847938,-0.959677979591834,3.84079549613978,-0.0085598163265334,0.003,-0.1066308866213148,0.0,6.083643418932058,0.6554689475548862,0.0,0.0,82.0136306254668,0.0,0.0,0.0,0,0.0,1,0,0.6666666666666666,0.0,0.003428560981791,0.0,0,0,0.0,0,0,0,0.0,1,0.8774333805085054,0.1020620726159657,0,0,0.0,0,0
101202,91.64179104,1,1.4736016913561387,7128.718346,0.57766,28.0,0.9159636519529918,-0.8883850535714295,5.23660817242062,-1.1742157831632665,-0.0959999999999999,-0.021152025085034,0.1896078035124334,5.437138445508412,0.6525346452654996,-0.0480361936308542,0.0,223.31962990310925,0.0,0.0,-3.2932088947704368,3,0.0,1,0,0.7894736842105263,0.4631511313373086,0.0026753515374938,0.0,0,0,3102.303456000001,0,0,0,0.0,0,0.8652969873381713,0.1513747150773104,0,0,0.0,0,0
103902,100.0,1,0.4955376793580179,2105.334351,0.52595,15.0,1.0539673781217016,0.276325859999999,4.20189018878526,-1.3723376299999976,0.455,0.0106279176923076,0.1906811026685222,3.3019272488946267,0.8061642034028318,-0.094801659640032,0.5271853741496598,117.44658905846327,0.0,0.0,-50.0645432875,0,0.0,1,0,0.5454545454545454,0.5198611111111111,0.0064251342094955,0.0,0,0,76.61505600000001,1,1,0,0.0,0,1.037467018381057,0.0833333333333333,0,0,0.0,0,0
114078,0.0,0,1.0918610875504555,19987.8434770001,0.50434,35.0,1.0001391372776995,-0.9680305630566008,5.30330490805908,-0.0566030721057545,0.415,-0.0019055719745208,-0.0314602710170508,0.7220329629736978,0.6748138157177658,-0.0003055692590085,0.7015819310008975,136.56767336402885,-14.464832661951206,1.88334619622766,-0.7570271759347943,0,0.4149132666831218,0,1,0.5490196078431373,0.0,0.0013352545537367,0.5364040203572203,0,0,26733.0467430001,0,1,0,-1.190159624675285,0,0.8714277302770861,0.1036680779880243,0,1,-0.7232492480385058,0,0
1159826,78.50556403499999,1,0.9481094704082672,6379.225966,0.64789,26.5,0.8818605508892157,-0.0588589807407392,6.37459883473113,-0.1724645451851838,0.348,-0.0004562711685328,0.0047348843279396,17.91796510902725,0.7349213913156462,0.0642539047898574,0.4754733560090703,150.73196719561045,-0.4332418955236414,2.19485930020156,-2.8878207976901664,0,0.0,0,0,0.6818181818181818,0.0,0.0182142181413412,1.0241938303099016,0,1,2947.6713750000017,1,1,0,0.0,0,1.101247505880934,0.1666666666666666,0,1,0.0,0,1
1163195,94.13714509,1,0.7547079581585732,77596.566158,1.12167,30.0,0.9545790467198568,0.440389867674859,6.02284208280024,-0.146636521739132,0.003,0.0157282095598163,-0.0725014525750495,0.0,0.4355250928004834,0.015471943586888,0.0,534.2098858172754,0.0,0.0,204.8223194960524,0,0.0,0,0,0.5652173913043478,0.0,1.9308226515220122e-17,0.0,0,0,58899.273400999984,0,0,0,0.0,0,0.8865949920034494,0.074074074074074,0,0,0.0,0,0
1175060,100.0,1,0.720255293934577,10298.040589,0.64885,18.0,1.1340829154727754,0.9622249152000178,5.37989735354046,-0.4275467072000357,0.348,0.0027335935090909,-0.0719375048743796,12.593130739707394,0.5899249272050875,0.0605443828710758,0.4291666666666667,111.02695192597216,4.472618885259386,0.0,3.0085311261907046,0,0.25,0,0,0.5862068965517241,0.0,0.0110399528150711,1.3891659842949526,0,0,5656.327189000038,0,1,0,0.0,0,0.8387913541368747,0.384805740894417,0,0,0.0,0,0
1222055,43.84615385,0,0.5706331858989303,6714.394515,0.66351,17.0,0.7651910331288291,0.0809380799999977,6.15419439186157,-0.0986294399999965,0.003,0.0004846591616766,-0.0218836852852605,2.1822472719434427,0.6153548887836892,-0.0525578500701763,0.0,112.09033069206146,1.193468442932728,0.0,-0.2570803696581084,0,0.4999999999999999,0,0,0.6842105263157895,0.0,0.0067684609374456,0.8662318121693121,0,0,607.6728000000013,0,1,0,0.0,0,0.8215004967128909,0.4322009312058539,0,1,0.0,0,1
134523005,71.3592233,1,1.260357700397587,11464.5907095216,0.55889,51.75,1.0396546700995273,-2.541317393351849,7.57536026741119,-2.08788250692524,0.589,-0.0114991737255739,-0.4558000517750997,26.14120216760304,0.7463069741119097,0.2293442186365061,0.7475344101614707,194.373926546544,-2.2704450247331343,0.0,-2.658626436058816,0,0.0,1,0,0.6097560975609756,0.3574304239419852,0.009972111510516,0.277412446460066,0,0,15083.711475027249,0,1,0,1.1121659319968982,1,1.0359101597032314,0.4809665478760644,0,0,0.0,0,1
134623,91.551330095,1,1.1924883417416874,3394.289203,0.61398,15.5,0.906579481316124,-0.6196607200832438,4.60517018598809,-0.0566013277835553,0.003,-0.0091126576482829,-0.0009368729763041,5.087561571431172,0.7378262790815607,-0.0010729830919969,0.0,123.69163468308192,0.0,1.82814814814815,-0.3995218266686159,0,0.0,0,0,0.4285714285714285,0.0,0.0026017186845234,0.7671381330309901,0,0,264.49516800000026,0,0,0,0.0,0,0.9930235904126514,0.0833333333333333,0,0,0.0,0,0
137862534,98.184786415,1,1.2783734725243772,8621.77665699999,0.5618,39.0,0.9978994984604006,-1.2622226681000157,7.03236909829142,0.4656495748454783,0.89,-0.0072541532649426,-0.0291941752653466,15.179160903284105,0.7829332323207601,-0.0219058069386977,0.6012776593084306,160.8517131783425,-1.0581618887653137,1.50488699395175,2.0876341531534885,0,0.0,0,0,0.53125,0.0,0.001694873391277,0.8824206096163303,0,0,5646.55514900001,0,1,0,1.089115090396361,0,1.0298981540208436,0.25,0,1,0.7303479621355166,0,0
139844,85.0,1,0.9059827448668332,3041.891096,0.6546,14.75,1.2753720120930898,-0.1180657700000002,3.92937164376276,0.0191396899999991,0.546,-0.0013570778160919,-2.1993134979720426e-05,18.35647193519093,0.625758299130623,-0.0001611271947927,0.0,116.52173926441856,0.0,0.0,-0.0830733633333307,0,0.0,0,0,0.375,0.0,0.0133848567397178,1.391493186780885,0,0,1573.436643999997,1,1,0,0.0,0,0.9281643508776344,0.0833333333333333,0,0,0.0,0,1
147217752,61.18935837,1,0.8446558704821975,11054.417422,0.84931,23.0,0.7770478091214922,0.1209955935727789,5.34023875651159,0.0499143478260879,0.003,0.0043212711990278,-0.034834105718369,6.400421688677354,0.6043781440706826,0.0200467716931958,0.0,287.9657435616383,0.0,0.0,181.19682324963856,0,0.0,0,0,0.8125,0.0,0.0001009063013474,0.0,0,0,8687.176537,0,0,0,0.0,0,1.0895408683474388,0.1513747150773104,0,0,0.0,0,0
148798,0.0,0,0.9843825351336756,3182.136924,0.62426,23.5,0.9718180619966597,-0.2016437959183678,6.73126978420087,0.1569028979591841,0.416,-0.0074682887377173,-0.0114645039869312,4.68483648103011,0.8915855958585936,0.0011126429313416,0.0,224.7778320513362,0.0,0.0,-17.462599554195016,0,0.0,1,0,1.0,0.0,0.0039338061329722,0.0,0,1,117.12556800000002,0,0,0,0.0,0,1.0171908459036736,0.3583049857101765,0,0,0.0,0,0
15307865,67.5,1,0.7306012854029554,6403.343805,0.57184,26.5,0.955446161993635,0.2728902399999998,5.62164556177601,-0.5574057599999995,0.591,0.0046252583050847,-0.2219649571556253,8.015002269790575,0.761143649094886,0.2629099057293829,0.7400469655454773,222.36147084386445,0.0,0.0,19.89898819588588,2,0.0,1,0,0.6842105263157895,0.3092746913580246,0.0025638730689305,0.0486337081128747,0,0,3589.076558000002,0,0,0,0.0,0,0.9720564066459148,0.1513747150773104,0,0,0.2429339087014715,0,0
154212,1.2918578959999998,0,1.140507874404768,9917.941506,0.51425,18.5,1.1516102443797616,-0.2801254474603887,4.44265125649032,2.806742790916389,0.841,-0.0014743444603178,-0.0580679037801617,2.94168275343288,0.8005971392280581,-0.1117114945703049,0.683564027462837,135.78892922690622,-6.8537489624259855,2.02476818024878,-3.072068600139378,0,0.0,0,0,0.5,0.2680070809187872,0.0065399453679168,1.0792016498558914,0,1,6236.007068000013,0,1,1,0.0,0,0.9917861046943348,0.2651829033271218,0,1,-0.5436343513412959,0,1
15687271,99.72556391,1,0.8961193934433949,3502.70527500001,0.59557,15.5,1.025306358725525,-0.1830637539026629,4.9728468880346,-0.179189535353535,0.591,-0.0026151964843237,0.039087621136549,4.883593419305869,0.7084713105959705,-0.0313862635506504,0.6718055555555555,113.85096245075138,0.2137474279835381,0.0,-6.122633146864546,0,0.0,0,0,0.4,0.0,0.0049687187561081,1.04338529856387,0,0,1202.504109999999,0,1,0,0.0,0,0.9703452590741416,0.0833333333333333,0,0,0.0,0,0
182346210,90.756663295,1,0.6504788299496502,27612.16315,0.9489,25.0,0.6667236428216432,0.4845003251417783,5.5704891489296,-0.1572137391304377,0.003,0.0173035830407778,-0.0309187653737242,3.138033853154327,0.646978312281574,0.0091873701173977,0.0,331.0727903112872,0.0,0.0,-23.776704267319232,0,0.0,0,0,0.7222222222222222,0.0,0.0028528200697755,0.0,0,0,18072.723593,0,0,0,0.0,0,1.0229343500479118,0.1235969372995327,0,0,0.0,0,0
182677301,100.0,1,0.6174442407489329,35891.036014,0.99078,26.0,0.6344392995735908,0.669289907372401,5.66545303087102,-0.3633331739130461,0.003,0.0239032109775857,-0.0364922521937032,1.7203065102465214,0.6202514033800703,-0.0075787794494867,0.0,359.8108214777196,0.0,0.0,-37.98342355565469,0,0.0,0,0,0.6842105263157895,0.0,0.0003760779261456,0.0,0,0,25403.976601,0,0,0,0.0,0,1.004080943703744,0.1111111111111111,0,0,0.0,0,0
18559949,38.81278539,0,0.9661694957715944,4367.543662,0.54109,16.25,0.993616219499481,0.1033365013850399,4.70924863014336,-0.5064442354570606,1.079,0.0011610842852251,-0.0673374939818084,3.61939931847957,0.7791654549920545,-0.0964407766866715,0.0,131.88311932393276,-0.6526620370370371,0.0,2.539768208380653,0,0.0,0,1,0.3529411764705882,0.2098327664399092,0.0070098465546632,0.4297061602418743,0,0,1615.2854879999968,1,0,0,0.0,0,0.9796078369184164,0.0680413817439771,0,1,1.2744420882936502,0,0
189084615,80.55693069,1,0.4664647402899466,18150.56035,0.90206,24.0,0.7137742888616466,0.7172275538752363,5.46911443749004,-0.6853385652173911,0.003,0.0256152697812584,0.0064345476058743,4.521885820149877,0.6514418345276095,-0.0103107333610774,0.0,279.923935201573,0.0,0.0,-217.1815059272768,0,0.0,0,0,0.7647058823529411,0.0,0.0004486817606018,0.0,0,0,11768.617609,0,0,0,0.0,0,1.069001572568166,0.1360827634879543,0,0,0.0,0,0
189084626,71.86507937,1,0.7685331063100171,25557.869102,0.90206,24.0,0.7137742888616465,0.3421997712665403,5.47620201145663,0.3736644347826097,0.003,0.0122214204023764,0.0044583878945409,6.0105062942569765,0.6634092457223221,-0.0045272944482864,0.0,302.0784829408082,0.0,0.0,-405.4247387866117,0,0.0,0,0,0.7647058823529411,0.0,0.0086388014941276,0.0,0,0,3569.2719130000005,0,0,0,0.0,0,1.2629267919528322,0.1474229937786172,0,0,0.0,0,0
189084648,89.05027933,1,0.7467283727595639,16345.735454,0.9489,25.0,0.6667236428216433,0.4162663686200387,5.50748876029536,-0.2775977391304374,0.003,0.0148666560221442,-0.0960763303448664,2.760751865969747,0.6350109010868613,0.0661478084981413,0.0,353.4836142545688,0.0,0.0,509.841335343934,0,0.0,0,0,0.7222222222222222,0.0,0.0030043998483296,0.0,0,0,23270.155384999995,0,0,0,0.0,0,1.022934350047912,0.1235969372995327,0,0,0.0,0,0
189084682,100.0,1,0.5589103589368715,50394.487694,1.02844,27.0,0.6184202978114376,0.8273259092627612,5.76548494675581,-0.2446938695652213,0.003,0.0295473539022414,-0.0619574958794473,1.6509636244473134,0.6283129664601077,-0.0235370523584024,0.0,373.9235608568897,0.0,0.0,-124.17459707105556,0,0.0,0,0,0.65,0.0,0.0075701218382308,0.0,0,0,32735.22960899999,0,0,0,0.0,0,1.3576169593439924,0.1050784187810142,0,0,0.0,0,0
207122154,90.1758794,1,0.541513339177518,29666.457198,0.99078,26.0,0.6344392995735908,1.0624189073724009,5.63879941027948,-0.756462173913046,0.003,0.0379435324061571,-0.0365266980644696,1.4324702914936969,0.6202514033800703,-0.0075906260683355,0.0,359.8108214777196,0.0,0.0,-37.98342355565469,0,0.0,0,0,0.6842105263157895,0.0,0.0,0.0,0,0,25403.976601,0,0,0,0.0,0,1.004080943703744,0.1111111111111111,0,0,0.0,0,0
207122165,91.85628743,1,0.5589103589368715,50394.487694,1.02844,27.0,0.6184202978114376,0.8273259092627612,5.76548494675581,-0.2446938695652213,0.003,0.0295473539022414,-0.0619574958794473,1.6509636244473134,0.6283129664601077,-0.0235370523584024,0.0,373.9235608568897,0.0,0.0,-124.17459707105556,0,0.0,0,0,0.65,0.0,0.0075701218382308,0.0,0,0,32735.22960899999,0,0,0,0.0,0,1.3576169593439924,0.1050784187810142,0,0,0.0,0,0
20830755,100.0,1,0.8238505897640604,21645.6273890001,0.51117,39.25,1.0909511964744776,2.034148000000026,6.07534603108868,-1.350875999999986,1.717,0.003809265917603,0.7413617996568619,12.37415378740691,0.6472409761787792,-0.0877086222870176,0.5840262250115333,130.9766196852063,-9.37322785985959,0.0,-0.8642305896163774,0,1.3103706971044482,0,0,0.7413793103448276,0.0,0.0043065433707329,0.9691258081379694,0,0,14460.88626699997,1,1,0,-1.172898242613442,0,0.941336135312034,0.7629555243091446,0,0,0.962115217105624,0,0
22071154,43.98,0,1.0445083922842155,4879.653788,0.57692,25.75,0.9958002020839716,-0.7127816675849405,5.83936904562088,-0.2132038971533518,0.591,-0.0104820833468373,0.1378340920800666,11.20509868850126,0.7114162238100619,-0.0233757336111142,0.7445752236079617,178.62290121479222,-0.6217376333249356,0.0,-0.7659296449560452,0,0.0,0,0,0.6842105263157895,0.0,0.0006713406683086,0.0,0,0,1925.8681859999983,0,0,0,0.0,1,1.061057251012365,0.1853954059492991,0,0,0.0,0,0
22139771,100.0,1,1.4062505959959246,3365.418699,0.60209,23.5,1.072180777764573,-0.6479448163265306,5.6021188208797,-0.4401145306122456,1.089,-0.0147260185528756,0.0669504904903111,13.882313745988965,0.6675117886492866,-0.0143510581484542,0.0,182.5690985821164,0.0,0.0,-8.960348775510202,0,0.0,0,0,0.875,0.0,0.0054374667648528,0.0,0,0,1607.9980719999987,1,0,0,0.0,0,0.9119543296322888,0.1701034543599429,0,0,0.0,0,1
22204531,99.416981605,1,0.7631693457875319,4487.194274,0.56338,22.0,0.8340769631719904,-0.1193088699271625,6.39843893235086,-0.6144531321540067,0.591,-0.0016804066186924,0.0064742969287807,5.99922880524203,0.8110461399267626,-0.1653687231278351,0.7164214852607709,155.74367420776872,-0.4847206737633331,0.0,6.561648013527584,0,0.0,0,0,0.5882352941176471,0.0,0.0001413897119004,0.0,0,0,1103.6205729999986,0,0,0,0.0,0,1.0771091051679025,0.1360827634879543,0,0,0.0,0,0
22916478,100.0,1,1.3651092403920189,8901.724933,0.59563,35.25,0.766741080555975,-0.6157864483892204,5.64412093059813,-1.0576066535174224,0.003,-0.0071603075394095,0.1038213584720993,12.21210477263966,0.7986239909158194,-0.0827387949092312,0.0,228.32756591808928,0.0833061609417424,0.0,2.866965808177187,4,0.0,0,0,0.84,0.0,0.0053760065596488,0.8196978561086071,0,0,9387.268040999998,0,0,0,0.0,0,1.0587583494583586,0.2381448361039201,0,0,0.0,0,0
243982823,80.44887506,1,0.4166858185263311,14705.99124,0.83333,25.25,0.6864397424536445,1.2414369999999997,5.54114098862907,-0.5744660000000007,0.555,0.0400463548387096,-0.0334324391480696,2.811547978000323,0.7127417393502399,0.0571971727162402,0.0,315.1974115539643,0.0,0.0,1.876263989400627,0,0.0,0,0,0.7222222222222222,0.0,0.0024329834550024,0.0,0,0,11391.130499,1,0,0,0.0,0,0.991335030469606,0.1235969372995327,0,0,0.0,0,0
25812300,74.64788732,1,1.117882631497792,4668.77288,0.57047,18.0,0.927469674376352,-0.4150884000000007,4.18918114504859,-0.3040752399999986,0.591,-0.0046120933333333,-0.0961320482647259,4.9223866387741655,0.7567872179607437,0.0104664873539692,0.0,127.31835835703392,0.0,0.0,3.110515614364402,0,0.0,0,0,0.3333333333333333,0.0,0.003744133189403,0.7427399848828421,0,0,2710.816775000003,0,1,0,0.0,0,0.9573460776302886,0.0680413817439771,0,0,0.0,0,1
29122687,40.49145299,0,0.8300396440139155,4217.21228500001,0.53658,19.25,1.111812627047323,-0.0730382058298631,4.85690119415421,-0.5916171564544875,0.554,-0.0008695024503555,0.2456711969455962,6.857230682034217,0.8292368304978569,-0.0697373403251057,0.6613734567901235,130.18390461017506,-0.212565408285973,0.0,0.0068501591810433,0,0.0,0,1,0.3157894736842105,0.2734281051340034,0.0033913173248088,0.4974460416627624,0,0,2189.7437239999986,0,0,0,2.375736301303061,0,1.089541835464768,0.0833333333333333,0,1,1.4560404447821471,1,0
298464,0.0,0,1.0444679217839483,5434.720145,0.60941,26.25,0.953678012248071,-0.3616140977777783,6.41376628698589,-0.3861958222222225,0.455,-0.0046962869841269,0.0143982560899942,14.076204298872891,0.6875142611278905,0.0172981603870122,0.0,139.24916260522764,0.0,1.5462962962963,20.496181522352963,0,0.0,1,0,0.8333333333333334,0.0,1.0793834961633468e-17,0.0,0,0,83.819232,0,0,0,0.0,0,1.25630048499006,0.1666666666666666,0,0,0.0,1,1
300629,95.9020979,1,1.2097752732306866,1718.907317,0.66216,11.25,1.135406007171522,-0.0569537466918705,3.59559846411071,-0.2211180113421532,0.18,-0.0016751101968197,-0.0006539318742418,7.732315986074721,0.7393414675713674,0.0095977287144731,0.0,92.49827137196628,0.2661111111111107,0.0,23.723676136105865,0,0.0,0,0,0.6,0.0,0.0079597369636799,0.9730555555555556,0,0,5.08032,0,1,0,0.0,0,0.9581727689180832,0.1020620726159657,0,0,0.0,1,0
313042,93.0,1,0.6008069527533106,9590.364478,0.67921,17.75,1.0880511107114177,0.1669475000000331,5.53733426701854,-0.3447182500000348,0.348,0.0004939275147929,-0.0066746009302114,15.301585299105966,0.6911173243260089,0.0136482533041399,0.2973994288297173,109.3731031957031,4.411147007663666,0.0,2.199294986500504,0,0.25,0,0,0.6071428571428571,0.0,0.0099326875781175,1.469440980095742,0,0,5180.0958190000365,0,1,0,0.0,0,0.8227614253795629,0.3936345532609666,0,0,0.0,0,0
337513721,90.642541085,1,0.6572883683369898,53631.511678,1.0625,28.0,0.6261180153462237,0.8390966786389427,5.83936904562088,-0.314808826086959,0.003,0.0299677385228193,-0.0584918341766466,0.3333333333333333,0.6082839921853579,-0.005609813599286,0.0,439.6977077538663,0.0,0.0,-19.366046767486083,0,0.0,0,0,0.6190476190476191,0.0,0.0046687896502969,0.0,0,0,39039.335593,0,0,0,0.0,0,1.0944805617138929,0.0925925925925925,0,0,0.0,0,0
3380345,98.73636024,1,0.8396459985328837,6372.077731,0.56871,25.0,0.8370508169692809,0.776173,5.43290289088046,-0.6401542500000008,0.414,0.02425540625,-0.1423114783737978,4.34811903578886,0.7362796496509925,0.1367465905156783,0.0,243.86263556051364,0.0,0.0,42.660165350000014,3,0.0,0,0,0.7647058823529411,0.0,1.9592171022796878e-17,0.0,0,0,3809.389995,1,0,0,0.0,0,1.119234198152446,0.1360827634879543,0,0,3.082316196975327,0,0
35854945,100.0,1,0.9481698120433916,19582.759438,0.99078,26.0,0.6344392995735908,0.1055078638941398,5.57689562475035,-0.210972173913046,0.003,0.0037681379962192,-0.1344038924577501,1.4422495703074083,0.5818053634744176,0.0855956036573845,0.0,419.2577611515454,0.0,0.0,726.7795162704325,0,0.0,0,0,0.6842105263157895,0.0,4.3824593077308805e-17,0.0,0,0,29574.261369,0,0,0,0.0,0,0.7134474732449869,0.1111111111111111,0,0,0.0,0,0
360689,84.0,1,0.6533876037467781,9751.90655800001,0.67921,15.75,1.163191622870318,0.0995692936288388,5.25227342804663,-0.2998320138504557,0.348,0.0002727925852844,-0.0103569097019281,15.301585299105966,0.5252000250031124,0.0196450921708952,0.0,105.89265210960544,6.480798544404953,0.0,1.890997807698509,0,0.25,0,0,0.6071428571428571,0.0,0.0099326875781176,1.5141126543209875,0,0,5306.332699000043,0,1,0,0.0,0,0.8430366275314451,0.3936345532609666,0,0,0.0,0,0
37350586,9.359605911,0,0.794762718677952,4197.34592900001,0.55625,17.75,1.0492642513134736,0.2260295351239651,4.62128956786797,0.0432168553719039,0.102,0.0023792582644627,0.0931310000762363,8.734913183032234,0.8074031005662293,0.0398292255266703,0.0,134.8218956546702,-0.1201055715869034,0.0,2.3774151868656648,0,0.0,0,1,0.3157894736842105,0.2666672984387561,0.0011244525331779,0.900509354912764,0,0,2248.047475999999,0,0,0,2.302084399591819,0,1.145024760913057,0.0833333333333333,0,1,1.4508163611577076,0,0
396010,2.29468599,0,1.4071488125457234,5378.212887,0.54658,30.75,0.8645081843770384,-1.2987606800000009,7.08758675893978,0.2305506622222221,0.744,-0.0227852750877193,-0.3305836889761849,6.083643418932058,0.7427134880160613,0.1316166542241972,0.0,174.57480525707834,0.0,0.0,10.405476630540562,0,0.0,1,0,0.8421052631578947,0.0,0.0041477648407569,0.0,0,0,1349.7287389999983,0,0,0,0.0,0,1.1520411377649156,0.2131731837270768,0,1,0.0,3,0
41318756,69.97389034,1,0.3892020940711526,9871.687486,0.84931,23.0,0.7770478091214922,0.854967245746691,5.35230234759457,-0.615959652173912,0.003,0.0305345444909532,-0.0213740919723568,6.394267228308959,0.623601164023509,0.027238367287468,0.0,251.1859040351404,0.0,0.0,51.04727779695331,0,0.0,0,0,0.8125,0.0,0.0038047655852818,0.0,0,0,10661.943417,0,0,0,0.0,0,1.1414942870778548,0.1513747150773104,0,0,0.0,0,0
42399417,44.867160035,0,0.9861984187921016,10631.214479,0.57162,34.0,0.7836753536086356,0.7423987438016428,6.21529536220233,-0.0828038347107628,0.003,0.0046111723217493,-0.1770755106223132,11.029056641980883,0.7955197920386348,0.0483865569221123,0.6354055912488452,186.3724753160788,-0.8467670277987742,3.85737232534581,-10.776986996507269,0,0.0,1,0,0.5862068965517241,0.0,0.0043801534528562,0.7320635514944677,0,1,6609.03678300001,0,1,0,0.0,0,1.001415176820126,0.1666666666666666,0,1,0.0,0,0
437701785,89.376182785,1,0.9212041352877685,63093.114478,1.09344,29.0,0.6849078581877431,-0.0125494801512283,5.93307375655665,-0.0601650434782632,0.003,-0.0004481957196867,-0.0219157478319246,0.0,0.5335599084891359,0.0369343115467303,0.0,519.8408702340591,0.0,0.0,199.016195027688,0,0.0,0,0,0.5909090909090909,0.0,0.0009411022330293,0.0,0,0,44395.82172099999,0,0,0,0.0,0,0.56980838187415,0.0823979581996884,0,0,0.0,0,0
437701796,91.575878875,1,0.7973768752395702,63093.114478,1.09344,29.0,0.6849078581877431,0.3967997372400764,5.92859130528947,-0.0601650434782631,0.003,0.0141714191871455,-0.0549891102749549,0.0,0.5492792641581872,0.0122968859883455,0.0,505.4718546508429,0.0,0.0,77.13660497142199,0,0.0,0,0,0.5909090909090909,0.0,0.0019449319092762,0.0,0,0,45343.44157699999,0,0,0,0.0,0,0.7008436912395237,0.0823979581996884,0,0,0.0,0,0
439145,63.43589744,1,0.9211385782389822,6629.99329,0.60592,28.25,0.774494903825224,0.3916293305785123,6.31518845731328,-0.0703404710743793,0.003,0.0046622539354584,0.0154300762353957,10.310410669398491,0.7551744447890766,-0.0051869354739874,0.7914731355505165,181.557035160319,0.0,1.7068792866941,-2.1326830935431227,1,0.0,1,0,0.85,0.0,0.0079909372115577,0.2022971781305114,0,0,1231.2446609999986,1,1,0,0.0,0,0.991260778574146,0.1701034543599429,0,0,0.0,0,0
45187153,16.3797693,0,0.7648884592869929,11254.5980035784,0.26147,13.25,1.2476795776489271,0.2619292214532843,0.0,-0.0026597335640171,0.003,0.0145516234140713,0.0,0.0,0.7588769229097538,0.0,0.0,195.7311675396691,0.0,0.0,0.0,0,3.965406456500188,0,0,0.0,0.0,1.632680918566407e-17,0.0,0,0,0.0,0,0,0,0.0,0,0.0700860521177698,0.0,0,0,0.0,0,0
474624,81.0,1,0.5863117315449496,10154.388361,0.68038,17.25,1.1126937103336074,0.2584899929162165,5.52146091786225,-0.3060100718502682,0.348,0.0006967385253806,0.008043284985163,13.497634103551706,0.6055896633828344,-0.00124423239611,0.3180555555555555,110.57784071997594,6.163196219632646,0.0,-0.0543189792205047,0,0.25,0,0,0.5862068965517241,0.0,0.008509423950432,1.4804422556059462,0,0,5767.3226850000365,0,1,0,0.0,0,0.8671639763282118,0.3936345532609666,0,0,0.0,0,0
486566,97.68382353,1,0.8168629239635989,3117.847549,0.575,16.0,0.9101876728538612,0.212526195199998,4.69820505195528,-0.4329105791999997,0.003,0.0040870422153845,0.0068468521205501,5.688218364190332,0.890135379039098,-0.0044588218361631,0.5254492630385488,112.29064617832417,0.237222222222222,1.80259259259259,21.39794251760003,0,0.0,0,0,0.8461538461538461,0.0,0.0052853845241314,0.9176851851851852,0,0,21.207312,0,1,0,0.0,0,0.8508240987170981,0.3500677179013965,0,1,0.0,0,1
50282,83.3,1,0.6315602585082695,6934.839207,0.62232,18.5,1.0610683624752602,0.1841611239669391,5.76430905245079,-0.1881111074380151,0.891,0.0010583972641778,0.010717067278378,10.5026299094428,0.7971439846209937,-0.0093528369985184,0.0,111.37499910289743,1.998644127404048,0.0,-3.8881987968595086,0,0.0,0,0,0.85,0.0,0.0051699560822582,1.2302546296296295,0,0,1571.7673589999977,1,1,0,2.4875394052278854,0,0.838290046742997,0.445414213930016,0,0,0.0,0,1
50362,91.762460155,1,1.4607705152582176,6643.05228,0.5424,23.25,0.9576758722203214,-1.933266773391019,5.18563847008253,-0.8211079156300685,0.003,-0.0166660928740605,0.1091008682206606,7.739100397049802,0.7969219432155865,-0.0073661479818833,0.7827908871882086,170.29011071860478,-0.3384062946166137,2.23059523809524,-0.4077774966272444,0,0.0,0,0,0.7272727272727273,0.0,0.0100169551006668,1.0357623141849333,0,0,3310.5452330000016,0,1,0,0.0,0,0.9632999014747734,0.3672449759430876,0,1,0.0,0,0
50486,40.49686602,0,0.724907893279766,5783.603167,0.68874,25.75,0.8819866790419768,0.0141066342975202,6.29515068113738,-0.093779520661156,0.003,0.0001146880837196,0.0511501898462246,21.47691469873046,0.6793724254365847,-0.0443099596198625,0.4550651927437641,150.07007715600395,0.0,2.24163784958428,-3.3619871782837647,0,0.0,0,0,0.7142857142857143,0.0,0.0179952322992146,1.1371103395061728,0,1,2692.315302000001,1,1,0,0.0,0,1.0777778617354024,0.1666666666666666,0,1,0.0,0,1
51146555,100.0,1,0.8740665045949575,3839.97086400001,0.55555,16.25,0.9788889595650292,-0.4365997923875451,5.08334347747883,-1.4130342006920382,0.936,-0.0060638860053825,0.0493190988815259,4.883593419305869,0.7194410783615101,-0.1652851289099625,0.6874305555555555,115.8846645458202,-0.4896419123204845,0.0,-4.51927801081316,0,0.0,0,0,0.375,0.0,0.0015936742608743,0.5642186318972032,0,0,1589.8359279999988,0,1,0,0.0,0,0.9982755344482768,0.0833333333333333,0,0,0.0,0,0
51481619,56.54952077,1,0.7501586721080098,4137.165703,0.56522,20.75,1.0156701467099247,0.0940922479338843,3.89054397375102,-0.6290158677685945,0.59,0.0013837095284394,-0.0594855449255382,2.583139261973672,0.8948140787574224,0.1352197781038801,0.0,145.31893356476118,0.0,0.0,9.399011907407417,0,0.0,0,0,0.2941176470588235,0.4688269111657008,0.0032439283388127,1.200977654950869,0,0,1832.1407619999984,0,0,0,0.0,0,1.147084872257358,0.2011844635310912,0,0,-0.3341294195323679,0,1
519095,81.50091301500001,1,1.515214269431344,6298.536986,0.53578,22.5,1.034237587820113,-2.263167192499993,5.13983439923392,-0.968432302500002,0.591,-0.0211510952570092,0.0592185306391283,7.739100397049802,0.7997474330588783,-0.0190334624197096,0.7827908871882086,171.8256212898793,-0.8895230746619653,2.13059523809524,-8.270201187434695,0,0.0,0,0,0.7619047619047619,0.0,0.0101174728484583,0.9765219513731418,0,0,2943.2397750000027,0,1,0,0.0,0,0.950702838123511,0.3672449759430876,0,1,0.0,0,0
525666,7.00280112,0,1.0146160201477536,4676.57702100001,0.59519,21.75,1.0324218325215335,-0.1798577499999989,6.03286137637908,0.4705808750000033,0.102,-0.0021411636904761,0.0155140786656603,10.991418438850388,0.7619705041123374,-0.0005855784986356,0.0,138.67294726585746,-0.1309501915499396,0.0,-4.437446348465912,0,0.0,0,1,0.5263157894736842,0.2627067979969765,0.013062054262469,0.5440801366843033,0,0,2254.587331999999,0,0,0,0.0,0,1.1086326154110169,0.1513747150773104,0,1,1.399740560792958,0,0
54319,57.406426735,1,1.250663043871994,7445.249877,0.49366,29.0,0.8921351910863555,-1.4705878593749984,5.84914464845038,-1.9684535546874995,1.183,-0.0216262920496323,-0.158036804519797,4.504807837463253,0.9,-0.2208853874273355,0.0,198.97305571806456,0.0,0.0,1.458324450009289,1,0.0,1,0,0.6190476190476191,0.4033643025111279,0.0100421767066621,0.3094773120153411,0,0,3688.588912999999,0,0,0,0.0,0,0.9463303270597788,0.1576176281715213,0,0,2.079553960151487,1,0
5436431,87.69565217,1,0.5867759833424628,13108.71147,0.90206,24.0,0.7137742888616466,0.6660861625708885,5.43290289088046,-0.4125935652173913,0.003,0.0237887915203888,-0.0587266497932691,4.34811903578886,0.6202514033800706,0.0466942805826894,0.0,302.3347591448547,0.0,0.0,284.5972558527743,0,0.0,0,0,0.7647058823529411,0.0,3.591898020846095e-17,0.0,0,0,16966.049400999997,0,0,0,0.0,0,1.0690015725681656,0.1360827634879543,0,0,0.0,0,0
564250,100.0,1,1.071082383916634,13591.974832,0.49318,34.5,0.8006586269693488,0.3734124081632329,6.71310807249755,0.1587097142857113,1.02,0.0016820378746091,-0.1428971154376649,2.381101577952299,0.8776968478376529,0.1156350624251633,0.8654319019274377,154.31117582899867,-6.037650961619218,1.37195677962543,1.9942518802251807,0,0.0,0,0,0.5294117647058824,0.0,0.0021101507047121,0.0,0,0,6649.974796000014,1,1,0,2.178554959619162,0,1.070515085047816,0.1692284486909726,0,1,0.4260436345055424,1,1
58082,99.93311828,1,0.9759633551762796,4595.614281,0.48454,18.75,0.3243970620195642,-1.413149499999999,5.15184546264778,0.2620389444444452,0.003,-0.0336464166666666,0.0058440776063595,0.0,0.6975237664620203,0.0,0.0,88.32521008950208,0.0,2.4312962962963,0.0,0,0.0,0,0,0.6428571428571429,0.0,0.0006995694236246,0.0,0,0,0.0,0,1,0,0.0,1,1.397647595047045,0.2443731930130857,0,0,0.0,0,1
58731,46.55143326,0,1.869798557759227,4375.49024800001,0.63825,23.25,0.9196995098088264,-0.8037451774999964,5.47227067367148,0.2847448175000017,0.003,-0.0090308446910111,0.0316196062791979,18.036078069978632,0.6230744312638737,-0.0275881436094882,0.0,173.2201847480235,0.0160648148148145,2.13199074074074,-7.489790036412034,0,0.0,0,0,0.6842105263157895,0.0,0.0128913316244566,0.9267531179138322,0,0,2268.5767950000004,0,0,0,0.0,0,1.1981498269998423,0.2041241452319315,0,0,0.0,0,0
58935,7.3708577,0,1.3015251525832376,8071.211781,0.48398,22.0,0.7738579325790814,-1.212046960000001,5.88731857137563,-2.432217480000003,0.989,-0.0263488469565217,-0.4584177677784091,0.9085602964160698,0.8794105637394498,0.0102549521912337,0.0,180.20437520031584,0.0,0.0,20.75340690773331,1,0.0,1,0,0.5882352941176471,0.4067439321407576,0.0033532401040778,0.1690246371182218,0,0,121.02451200000002,0,0,0,0.0,1,1.0681269440601582,0.1144811206544345,0,1,0.0,1,0
60348609,89.85533454,1,0.5676039271271051,21387.584334,0.9489,25.0,0.6667236428216433,0.8776293251417782,5.54114098862907,-0.5503427391304373,0.003,0.0313439044693492,-0.030917841350429,2.811547978000323,0.646978312281574,0.0091450653183391,0.0,331.0727903112872,0.0,0.0,-23.776704267319232,0,0.0,0,0,0.7222222222222222,0.0,0.0024329834550024,0.0,0,0,18072.723593,0,0,0,0.0,0,1.0229343500479118,0.1235969372995327,0,0,0.0,0,0
63387280,91.641321045,1,0.6674761298216904,68134.963358,1.09344,29.0,0.684907858187743,0.5334039546313811,5.9419788285967,-0.3329100434782628,0.003,0.019050141236835,-0.0764837852857504,0.0,0.5373118529634745,-0.0023656674708454,0.0,468.4357389202988,0.0,0.0,148.46484415300765,0,0.0,0,0,0.5909090909090909,0.0,0.0022137087584257,0.0,0,0,52595.16741699999,0,0,0,0.0,0,1.3066179503441382,0.0823979581996884,0,0,0.0,0,0
657249,89.32876712,1,1.2406465165061036,1660.618344,0.48193,9.0,0.8035936410854368,-0.231990500000001,0.0,-0.9477619199999971,0.437,-0.0077330166666667,0.1054165386986891,0.0,0.7280175133855432,0.0,0.0,86.91738239635188,0.0,1.51527777777778,0.0,0,0.0,0,0,0.0,0.5680555555555555,0.0051672722264122,0.0,0,0,0.0,0,0,0,0.0,0,1.452143196353953,0.0,0,0,0.0,1,0
66357355,51.92629179,1,1.2207311131170644,5163.881691,0.5265,23.0,0.9514039602138497,-2.083497775013523,4.38358791524083,-0.4208067598701984,0.196,-0.0236761110796991,-0.0974957030679397,5.601275682958293,0.8091568058711225,0.087984568758912,0.0,132.2622333426681,0.0,2.08034560261968,-3.3685323624801726,0,0.0,0,0,0.238095238095238,0.3733152014631993,0.0012530577860608,1.130074247291509,0,0,2796.489858,0,0,0,0.0,1,1.1127424620241295,0.1666666666666666,0,0,-0.3493431343508489,0,0
67018853,4.0518113075,0,1.097838119117352,9329.019521,0.57614,36.25,0.837466768167358,-1.918648013840826,5.91603358480399,1.4110407612456597,0.09,-0.0088416959163171,0.1141569669396979,14.970580765749045,0.7003506288927804,-0.1291980672469611,0.0,131.64433522501446,0.1642268597016276,0.0,-7.194086364383206,0,0.0,0,0,0.59375,0.186954393059642,0.0079521266552025,0.8948594594071685,0,0,5498.941063000009,0,1,1,0.0,0,1.065792668202067,0.1360827634879543,0,1,0.0,0,1
68631492,91.06761566,1,0.541513339177518,29666.457198,0.99078,26.0,0.6344392995735908,1.0624189073724009,5.63879941027948,-0.756462173913046,0.003,0.0379435324061571,-0.0365266980644696,1.4324702914936969,0.6202514033800703,-0.0075906260683355,0.0,359.8108214777196,0.0,0.0,-37.98342355565469,0,0.0,0,0,0.6842105263157895,0.0,0.0,0.0,0,0,25403.976601,0,0,0,0.0,0,1.004080943703744,0.1111111111111111,0,0,0.0,0,0
70458967,100.0,1,0.8101433754238505,7359.6142077184,0.50621,26.5,0.8576570481977208,0.7882419654967259,6.35426133923738,-0.3224587507436054,0.0009999999999999,0.0072985367175622,-0.0176191801282092,7.669948782982146,0.799807693326499,0.0922680413265778,0.0,160.7458163444295,0.0,3.60335293839758,-5.527629455481062,0,0.0,1,0,0.6956521739130435,0.3155665924733835,0.0044299909089865,0.7738219461848609,0,0,2786.9655867024026,0,1,0,0.0,0,1.0905376125891189,0.2029785493341727,0,0,0.6094870281092162,0,0
723466,37.62376238,0,1.146549542691038,5164.063298,0.51276,25.0,0.9351384375401453,-0.0467501683673466,5.43290289088046,-1.4781260318877545,0.606,-0.0010625038265306,-0.2766973612458988,3.539529195983115,0.8189936612631941,0.0691346813030742,0.0,203.2285539874393,0.0,0.0,-3.0756152048979453,0,0.0,1,0,0.7647058823529411,0.4962268518518518,0.001123564800936,0.0,0,0,1183.100861999999,0,0,0,0.0,1,1.1188715004607614,0.2845177968644246,0,0,2.377979675054249,1,0
738705,2.58302583,0,1.2400954430329787,5943.255349,0.51613,28.5,0.6488687805298147,-3.007016052596972,5.85641414422846,0.5534558737672631,0.497,-0.0310001654906904,0.5665400084785756,2.3811015779522995,0.7378405858655711,-0.0656402150197132,0.0,152.560674616509,0.0,0.0,2.2041705399920226,0,0.0,0,0,0.6190476190476191,0.0,0.0047759525968266,0.5305829554043842,0,0,3237.895992,0,0,0,3.271199347827676,1,1.2897157300149995,0.1235969372995327,0,0,0.0,2,1
75847733,100.0,1,1.346811360326567,7287.47061400001,0.52974,27.25,1.114561598649262,-1.589208608264478,4.65217303958343,0.9091390770247896,0.279,-0.0109600593673412,-0.1694169944140494,11.966503815791874,0.8045789522738914,-0.2760455065862824,0.7881168902746283,140.59548539132405,-2.0858992388150046,1.38830333522298,-1.1087056641134765,0,0.0,0,0,0.6296296296296297,0.255983205782313,0.0031749282789881,0.6713678457069443,0,0,6676.078162000009,0,1,0,0.0,0,0.9336431130970302,0.2381448361039201,0,1,0.355382338348655,0,0
76426,7.488986784,0,1.0791512007445585,10115.248261,0.54855,23.75,0.7819936729200692,-0.7700270785123986,6.62940453395924,0.8490741942148773,0.259,-0.0043259948231033,-0.0572948332408454,6.198694710190766,0.8771526504051719,-0.0714674523077285,0.610890022675737,132.16033810143088,-0.5230602796674229,2.2532457010582,-3.2639177236214305,0,1.0,0,1,0.72,0.0,0.0072890675420703,0.8712365362811791,0,0,808.3935540000003,0,1,0,0.0,1,1.048674995568098,0.3728939232630927,0,1,0.119170384172463,0,1
76573,76.815155445,1,1.0220131254646414,8910.207619,0.57458,22.5,0.8123717626590929,-0.7647697522985353,6.64399316297525,1.060434139534884,0.259,-0.004750122685084,-0.1266456840953492,6.198694710190766,0.916385263475786,-0.0205777241263907,0.5620833333333333,135.61408716630706,0.1975585789871498,2.47240386432351,4.236347576759576,0,0.0,0,0,0.72,0.0,0.0058043465765855,1.053250425170068,0,0,757.0500660000007,0,1,0,0.0,0,1.1009692340332369,0.3963116731825585,0,1,1.994906449662017,0,1
78246498,73.747288895,1,0.6179684925651628,6421.07186352161,0.54262,28.75,0.9850708801279364,1.3063214421487517,5.72817016271303,-0.8961877107438037,0.324,0.0114589600188487,-0.1583910182758316,14.638856405641093,0.8182815975277009,0.2401384377212325,0.0,153.75145857521397,0.7180507002183585,0.0,-3.377525568303349,0,0.0,0,0,0.9583333333333334,0.2488607410556815,0.002653410023239,1.028569433946418,0,0,4479.109981972803,0,1,0,0.0,0,0.9640586688311302,0.4013747150773105,0,1,0.0,0,0
79559970,2.5625,0,0.7865931924084157,7839.90370900001,0.65489,25.0,0.8757701098101353,-0.0054224747991268,6.0314361801734,0.5081116530314095,0.09,-5.020809999191504e-05,-0.0348146903673303,10.862220075146633,0.7617836541014528,0.0194805243383917,0.0,152.05196933268942,1.121997719984198,0.0,-12.091314735016844,2,0.0,0,0,0.8,0.2174501917250667,0.0048616607211079,1.258732398309118,0,0,3233.133094000003,0,1,0,0.0,1,0.9633699425342004,0.206930270632866,0,1,0.0,0,1
79856,100.0,1,0.993735268003212,13633.287712,0.49318,34.5,0.7730224053469686,0.4751431020407951,6.71158831536613,-0.3736914285714363,1.02,0.0021597413729127,-0.5177388404142136,2.406851949670727,0.8776968478376528,0.1030877196311848,0.8654319019274377,155.3958866449735,-3.423044112706812,1.44222227471235,0.1661299390550667,0,0.25,0,0,0.5294117647058824,0.0,0.0006722706448705,0.0,0,0,6885.459601000015,1,1,0,2.182226190215458,0,1.0493064502459122,0.1714751217198549,0,1,0.4478636855098731,1,1
80214831,33.33333333,0,1.0917646979676832,21583.2484090001,0.49716,40.0,0.982400142666224,-2.5395554733793366,5.48893772615669,0.452949915794241,1.016,-0.0045757756277105,-0.0332486723412495,2.7652573920338868,0.69493199266912,-0.1061226720236633,0.7486498322354653,140.13155975631108,-13.96926045799552,1.90027793526136,-1.1074508739231184,0,0.4149132666831218,0,1,0.4827586206896552,0.0,0.0040360864562796,0.5369052759738909,0,0,31747.990440000147,0,1,0,-1.7900736959179806,0,0.9183188835643278,0.1036680779880243,0,1,-1.1015151081494223,0,0
81812,100.0,1,1.5600777417929266,6610.703798,0.56522,30.25,0.9705386741479513,-1.6662669138724435,6.26690401501607,-0.7529682761341217,0.348,-0.0164976922165588,-0.1959621157722186,11.326220558463955,0.7628016778514425,0.0125505040410677,0.5511909092340641,190.4428802027269,-0.5328184051398344,0.0,-1.5258362211931649,0,0.0,0,0,0.7391304347826086,0.0,0.0020126914200895,0.1256682256235828,0,0,2469.6913250000025,0,1,0,0.0,1,1.0709884740277578,0.2307563271119505,0,0,0.0,0,0
82419361,57.38396624,1,1.0325195681111576,9249.8474057184,0.50121,29.25,0.7426626756946084,0.1824044536862002,6.72097379146609,-0.08552191115312,-0.01,0.0013818519218651,0.2235570489185838,5.549511796322224,0.844501037717859,-0.0253115828770582,0.0,178.08442535484383,-0.1578700029394477,5.81650049050076,-8.181862776096805,0,0.0,1,0,0.7307692307692307,0.0,0.005958371061197,0.8036483350737498,0,0,3432.3027089792035,0,1,0,0.0,0,1.243480309838911,0.2296107312141917,0,1,0.0,0,0
83432,100.0,1,0.9001256564864027,11071.829978,0.55718,22.25,0.9804232308728934,-0.6673805614034997,5.84932477994686,0.9143501040320088,0.716,-0.0023416861803631,0.3621879311552941,6.813322952210583,0.8013710700451224,-0.1849722173333913,0.4666926886495339,114.30041764071748,-0.2272846067439335,0.0,4.760271817651438,0,1.1052094495921163,0,0,0.5666666666666667,0.0,0.0003914468918195,0.8411926020408163,0,0,3989.978787,0,1,0,1.1064477924292575,0,0.8362412978614593,0.4161949221694402,0,0,1.1490783982593624,0,0
83454,92.0,1,0.6517672562535495,10575.164187,0.68147,16.75,1.1606071810128151,0.1178362926829714,5.28320372873799,-0.2741038167757782,0.348,0.0002874055919096,-0.0037483950444846,14.796521926968548,0.527623423248141,0.0136514637585001,0.0,105.09136907116172,7.33208226534884,0.0,0.8875035902520719,0,0.25,0,0,0.4857142857142857,0.0,0.0078437011289492,1.5113411753590325,0,0,6446.401873000037,0,1,0,0.0,0,0.8208130147494697,0.3936345532609665,0,0,0.0,0,0
83476,79.0,1,0.6121329180301712,10472.211099,0.68147,17.75,1.1256820981345264,0.1701026900000413,5.52942908751142,-0.2723861700000455,0.348,0.0004372819794345,0.0005180011767548,14.796521926968548,0.6121964107723268,0.0127649189057734,0.3180555555555555,107.08611983901604,6.227942598377491,0.0,0.8641017804182163,0,0.25,0,0,0.5,0.0,0.0078437011289492,1.4821660315360712,0,0,6402.96816100004,0,1,0,0.0,0,0.8125260782402666,0.3936345532609665,0,0,0.0,0,0
83891036,100.0,1,1.0023194788653873,5447.1169240112,0.49926,25.0,1.0738674003528892,-1.4978712373995609,5.50176828451651,-0.3398363155588019,0.18,-0.0187233904674945,-0.0203360734423528,14.76854770235179,0.7196411764965168,-0.0552785687612882,0.0,169.19569193873258,-0.2704289493575214,0.0,6.714535194400471,0,0.0,0,0,0.6666666666666666,0.0,0.0028826515739065,0.5883289635298564,0,0,2959.957708288003,0,1,0,5.779099865974813,0,1.1681218581157933,0.1853954059492991,0,0,0.0,1,0
83905015,57.889176825,1,1.1287821607602546,20061.5441810001,0.51293,34.5,0.9916085527562016,-2.2282479625390046,5.27811465923052,0.8444855275754423,0.927,-0.0041187577865785,0.0660731830219166,1.3921231114328676,0.6795097833747537,-0.175108561843211,0.8656264959687578,132.8238918707004,-12.066568799674451,3.84674783097371,-1.7607078976535653,0,0.394132025197303,0,1,0.5576923076923077,0.0,0.0022219628953496,0.5797112392788247,0,0,28445.93700800014,0,1,0,-1.5080451256611802,0,0.9001679592479709,0.1036680779880243,0,1,-0.9284016421798827,0,0
84852539,100.0,1,0.6097222755242004,76423.951511,1.16412,29.5,0.5625056497045533,-0.8773290204081606,5.70461546096009,0.9173917500000008,0.003,-0.0168717119309261,-0.078888428829196,1.0,0.4894054670431671,-0.055646930191012,0.0,352.7453844592011,0.0,0.0,71.72471241326528,0,0.0,0,0,0.5833333333333334,0.0,2.312964634635743e-18,1.5056560216679264,0,0,67009.881316,0,0,0,0.0,0,1.7930154545979682,0.074074074074074,0,0,0.0,0,0
85721331,87.420918365,1,0.8224320454691435,7640.0794577184,0.51301,27.5,0.958569742047733,0.7995954285714268,6.4889199363108,-0.3345664285714301,0.0009999999999999,0.0071392448979591,-0.0543233550690948,9.003212111258996,0.8233818824615534,0.0796625537095402,0.0,170.21111834532005,0.1875312316284534,3.78116850907029,-8.89314493119517,0,0.0,1,0,0.7916666666666666,0.3105665924733835,0.0052927186185716,0.9418388605442176,0,0,3140.024379128004,0,1,0,0.0,0,1.101407296330761,0.3946168683776827,0,1,0.6076059030152485,0,0
86408459,18.625609515,0,0.9122696525422876,10370.959798,0.56741,33.25,0.8523716299309484,0.7588905251479237,6.19917715139165,-0.0303874308432047,-0.065,0.0049927008233416,-0.2157400009049171,11.029056641980883,0.8236820818597985,0.1355230671004437,0.6354055912488452,181.74511032308897,-0.8468378894767785,1.77840277777778,-7.184459970819223,0,0.0,1,0,0.6071428571428571,0.3227107620248333,0.0065771601853974,0.6626191070500232,0,1,5918.902020000008,0,1,0,0.0,0,1.0054575624881994,0.1666666666666666,0,1,0.5739097156037469,0,0
