CAS,Median PR,Class,ETA_Psi_1,ATS3m,ETA_Beta,ATS8m,GATS5c,ATSC3e,MDEC-22,SubFP40,FP871,piPC7,SIC2,ExtFP612,GATS6v,GATS2v,khs.dssS,khs.sNH2,ATSC8c,khs.aaaC,AATSC8m,ExtFP785,MACCSFP102,minHCsatu,SCH-6,ExtFP557,FP777,AATS6v,GraphFP912,ExtFP738,ExtFP446,AATSC5e,SsssCH,MDEC-14,FP97,FMF,ATSC7c,GraphFP648,FP669,nCl,nbRotBd,ExtFP570
104-35-8,92.32542269571208,1,0.61798,3813.36290000001,16.75,2155.049834999998,0.3808265469089562,0.6622865043005882,21.593030744942176,0,0,4.56304525968742,0.6488718920089782,0,0.977622369756066,1.2544411609600363,0,0,0.0227786387411856,0,-0.0244560622181943,1,0,0.0,0.0833333333333333,0,1,121.3109670735317,1,0,0,0.0031043633847809,0.0,0.0,0,0.3157894736842105,-0.0176505652079753,0,0,0,11,0
104-40-5,92.19719223431936,1,0.6546,3041.891096,14.75,1573.436643999997,0.4112808970703174,0.0191396899999991,18.6067589929096,0,0,3.91825355517878,0.6069681166597123,0,0.9648024173596462,1.2753720120930898,0,0,-0.0001339050210598,0,-0.0830733633333307,1,0,0.0,0.0833333333333333,0,0,119.89429169205624,1,0,0,0.0018792670114942,0.0,0.0,1,0.375,0.0003081109081151,0,0,0,8,0
106-37-6,92.45108135942328,1,0.98837,4692.761899,11.0,0.0,0.0,-0.2643547499999998,3.3019272488946267,0,0,0.0,0.5350950905814501,0,0.0,0.7627439256189511,0,0,0.0,0,0.0,1,0,0.0,0.0833333333333333,0,0,0.0,0,0,0,0.0881182499999999,0.0,0.0,0,0.75,0.0,0,0,0,0,0
115-86-6,51.66666666666666,1,0.59754,6885.159416292,35.25,4128.314424000014,2.4127449275219464,-0.7324793060941834,21.54649722233899,0,0,5.66837116317687,0.437611405602935,0,0.8004997564336469,1.052776081853322,0,0,0.0229410924595817,0,-4.786415036180358,0,1,0.0,0.3061862178478973,0,0,244.7068461467257,0,0,0,-0.0501651685973307,0.0,0.0,0,0.9565217391304348,-0.0490670495288075,0,0,0,6,0
1173019-36-7,92.21961168944073,1,0.59322,5445.25830100001,18.75,2873.329390000003,0.5516566469689875,0.9435883072702244,13.154457450762935,0,0,5.09757722423006,0.6829447788190341,0,1.081477160459166,1.061056265896628,0,0,-0.0151693286106136,0,-1.2275101461179725,0,0,0.0,0.0833333333333333,0,1,124.3060207475488,1,0,1,0.0018701932818094,0.742965089443472,1.6817928305074292,1,0.2727272727272727,-0.1313269769836812,0,0,0,11,0
120-12-7,43.57142857142858,0,0.71429,3374.641389,22.0,54.524736,0.8736785624777734,-0.0265158055555552,14.732700188922648,0,0,6.86465203856463,0.4618341940314015,0,1.1265306122448973,0.938775510204081,0,0,0.0019503598233082,4,12.947337073611134,0,0,0.0,0.2222222222222222,0,0,162.97820496463774,0,0,0,0.0003575074525745,0.0,0.0,0,1.0,-0.0032212249254193,0,0,0,0,0
1241-94-7,91.28779237625793,1,0.60556,7232.523028102,29.25,5630.783371288006,2.1134972896432864,0.1690511911982227,20.57484900011088,0,0,5.28002609657579,0.6415970447000618,0,0.9820082328728216,1.0886088788211634,0,0,0.0777606712383195,0,-7.627297238834626,0,1,0.0,0.2041241452319315,0,0,175.6996027712085,0,0,0,-0.0148218289275771,0.3706991160661792,0.0,0,0.6,-0.1074386205388796,0,0,0,11,0
126-71-6,26.60944206008584,0,0.56433,4839.77344972201,11.25,2388.514475999996,2.9792596382386862,0.3596609829545456,0.75,0,0,2.56494935746154,0.4792258825816676,0,0.8722317840581403,1.006176997484224,0,0,0.1014717574547853,0,6.60667667907267,0,1,0.0,0.0,0,0,133.53286472581476,0,0,0,-0.005596644308343,0.9915509259259248,0.0,0,0.0,0.0028706679939798,0,0,0,9,0
126-73-8,39.30587557603687,0,0.56433,4508.49512572202,11.25,1988.738144999996,2.2411284444464323,0.3193619829545441,8.99300875638503,0,0,2.56494935746154,0.5386087813509777,0,1.2972333591486294,1.1744315512431294,0,0,0.0184444394321178,0,-3.9136569488178727,0,1,0.0,0.0,0,0,152.6535126381145,0,0,0,-0.034557430383379,0.0,0.0,0,0.0,-0.1656458514671462,0,0,0,12,0
129-00-0,86.95652173913044,1,0.71429,4673.018478,25.5,28.278432,1.16175692332069,0.001964639053255,14.16403174131337,0,0,7.57496747396339,0.4336104287817554,0,1.2828947368421049,0.8463541666666664,0,0,0.0019494652023024,6,21.013429570019746,0,0,0.0,0.2471938745990654,0,0,125.22589063681754,0,0,0,-0.0012479467455621,0.0,0.0,0,1.0,0.0034665590206442,0,0,0,0,0
13560-92-4,92.45108135942328,1,0.5984,40741.052682,23.0,24323.804799999994,0.7756850823716964,3.815380124178221,0.0,0,0,6.58063913728495,0.6393781773574435,0,1.5765809965830218,0.6370958147605355,0,0,0.2743288841894549,0,254.1987743208045,1,0,0.0,1.553179585435022,0,0,290.9538250327682,0,0,0,-0.0607773481048616,7.627047745023935,0.0,0,0.5862068965517241,-0.2603925441357282,0,0,12,0,0
135821-74-8,92.45108135942328,1,0.60118,41061.9236120001,23.0,29947.416241999985,0.7014457224965284,4.543561265306115,2.6207413942088964,0,0,5.91620206260743,0.6026092355384952,0,1.455665948058763,0.6352117062527276,0,0,-0.2600466940644931,0,50.52629965731257,1,0,0.0,1.1991901088165218,0,0,224.37318931544863,0,0,0,-0.0349732792696027,4.844399162957363,0.0,0,0.5294117647058824,-0.3692478356796168,0,0,12,0,0
13674-87-8,4.411764705882353,0,0.52996,10578.42601758,14.25,16844.413871999954,1.1162609771446033,-0.4149332448979594,3.114327349038794,0,0,3.2188758248682,0.5081252808234037,0,1.1029494183056083,1.081965485773027,0,0,0.0504205549404404,0,0.0315272627404297,0,1,0.0,0.0,0,0,235.7130656815113,0,0,0,-0.0008158962585033,0.523725539598555,0.0,0,0.0,-0.1708328744042614,0,0,6,12,0
14609-54-2,0.0,0,0.56836,17840.298124,91.0,30018.40720400008,0.8809089551648113,-0.8962635298765013,0.0,0,1,8.73026620465268,0.5610933716244528,0,1.0497103279601383,0.9108876322751336,0,0,2.334192082114749,4,3.905187499163037,1,0,0.0,0.8776643872851508,0,1,218.86594399191767,0,0,0,-0.0148713753851503,0.0,0.0,0,0.8,-0.8280540708461018,0,0,0,8,0
1806-26-4,92.2483917972776,1,0.65089,2845.134367,14.25,1376.6799149999974,0.406769831905916,0.0108957428780124,16.5537018393787,0,0,3.89817759860609,0.6380050888174538,0,0.96481949468188,1.2587430267639583,0,0,0.0001271411903767,0,-0.1772542536558759,1,0,0.0,0.0833333333333333,0,0,120.9726540841959,1,0,0,0.0021124172238766,0.0,0.0,1,0.4,0.0001970168030012,0,0,0,7,0
183658-27-7,92.45108135942328,1,0.81818,31534.693432,20.75,9213.222646000006,1.158141667170634,1.0942809999999985,4.914609993978386,0,0,5.05902855411283,0.7210033306012061,0,0.8542440949371722,0.7522720867415597,0,0,0.0287939033620662,0,-74.68897792764928,1,0,0.0,0.0453609211626514,0,0,167.78989604552123,0,0,0,0.0193697764705882,0.5476779969532394,0.0,0,0.2857142857142857,-0.0609270673965978,0,0,0,8,0
20427-84-3,91.8181818181818,1,0.59322,4474.85971900002,18.75,3119.487360000004,0.6922236968460359,1.1847637146776375,24.333667821301773,0,0,4.64799018317102,0.6471035148491616,0,0.912609775155902,1.2383294334671051,0,0,0.0404261601550695,0,-0.6451010549280516,1,0,0.0,0.0833333333333333,0,1,123.91246340306984,1,0,1,0.0012227652565158,0.0,0.0,1,0.2727272727272727,-0.1009376981797515,0,0,0,14,0
206-44-0,84.375,1,0.71429,4505.556245,25.5,6.0963840000000005,1.17067397579863,0.0186640710059176,13.893595587227583,0,0,7.6094362554049,0.4703518767585289,0,1.2574404761904756,0.8463541666666664,0,0,0.0056784223421852,2,45.84748269822489,0,0,0.0,0.4378968185089305,0,0,138.9307352485419,0,0,0,-0.0018269554538349,0.0,0.0,0,1.0,0.0006506679287003,0,0,0,0,0
23488-38-2,92.45108135942328,1,1.07692,25441.155663,14.0,0.0,0.9104427139035132,0.2352867407407411,0.0,0,0,3.84079549613978,0.5269062927184989,0,1.5331638248245838,0.3707598281044708,0,0,0.0,0,0.0,1,0,0.0,0.037037037037037,0,0,114.73661637051865,0,0,0,-0.0297062469135801,0.0,0.0,0,0.5,0.0050316727738013,0,0,0,0,0
2385-85-5,92.45108135942328,1,0.57437,45915.835368,16.0,0.0,0.5788609315286524,-3.610285140495864,0.0,0,0,6.55250788703459,0.4903549449600559,0,0.0,1.1,0,0,0.0,0,0.0,0,0,0.0,3.5625,0,0,503.97095841309095,0,0,0,0.0494108367768593,0.0,0.0,0,0.4545454545454545,0.0,0,0,12,0,0
26040-51-7,92.45108135942328,1,0.72539,35715.3664300002,28.5,20982.578090000017,1.1764460578741391,1.6430299090909228,8.319504142882373,0,0,5.75316769983694,0.5963714305404663,0,0.9412151219460386,0.8655739600489109,0,0,0.1551612978217974,0,-58.88127151379255,1,0,0.0,0.037037037037037,0,0,177.23249403689542,0,0,0,0.0383019775264606,0.8255033536204522,0.0,0,0.1875,-0.2648805049307596,0,0,0,16,0
31107-44-5,92.45108135942328,1,0.57016,40348.666085,22.0,8796.917500000001,0.9971176936454252,-0.0767268491155091,0.0,0,0,6.38012253689976,0.7004820005555936,0,0.8952458082245331,0.5953101985504612,0,0,0.1219740509714429,0,245.1396287460977,0,0,0.0,1.3455119064137897,1,0,403.0520650150237,0,0,0,-0.0560644660369808,3.6089231824417,0.0,0,0.4838709677419355,0.162325744522333,0,0,12,0,0
3278-89-5,92.45108135942328,1,0.87748,10220.641605,16.0,1068.5486079999996,0.5752682021470222,0.1895361900000006,1.9692593638364124,0,0,4.12309397550809,0.8293020247188075,0,1.0885781626455415,0.652805066644064,0,0,0.0221747694951727,0,-2.22076482250003,1,0,0.6216014739229025,0.0555555555555555,0,1,203.4275705372884,0,0,0,-0.0034435579166666,0.0,0.0,1,0.4615384615384615,-0.0384666010368398,0,0,0,3,0
3322-93-8,92.45108135942328,1,1.07692,21645.816607,6.0,0.0,1.1542096148902057,0.0999964166666661,2.449489742783178,0,0,2.484906649788,0.6817535766546096,0,1.14537552625327,1.0001388068690258,0,0,0.0,0,0.0,0,0,0.0,0.0680413817439771,0,0,195.0140114628262,0,0,0,-0.003339824074074,5.377614743428236,0.0,0,0.5,0.004076311091308,0,0,0,2,0
35109-60-5,92.45108135942328,1,0.99138,19246.118021,16.0,8574.011231999997,0.7590956512360592,0.0546593181818185,1.6509636244473136,0,0,4.23772314506745,0.8496048909370342,0,0.8512063958574682,0.7929128855369997,0,0,-0.0033154695922422,0,49.11322132782366,1,0,0.0,0.0555555555555555,0,1,288.05185045525445,0,0,0,-0.0055502783134373,1.0339978190350212,0.0,1,0.4,-0.0203040090670868,0,0,0,4,0
375-73-5,6.3909774436090325,0,0.26147,11298.9590755784,13.25,0.0,0.7752766745242169,0.8761842499999981,0.0,0,0,0.0,0.7767760611685901,0,0.786937183349525,1.1842486282006914,0,0,0.0,0,0.0,0,1,0.0,0.0,0,0,168.72367584327574,0,0,0,0.0209498928571428,0.0,0.0,0,0.0,-0.1151931774102759,0,0,0,4,0
37853-59-1,93.3023040049482,1,0.90384,20244.256257,28.5,12047.826234000002,0.955398801352256,0.1061037377777758,3.424111710429462,0,0,4.89034912822175,0.6229127596336597,0,1.341727586929274,0.5993073830606999,0,0,0.0036122677215171,0,-307.51946367460334,1,0,0.0,0.1111111111111111,0,1,201.49151827101647,0,0,0,-0.0083278622222221,0.0,0.0,1,0.7272727272727273,-0.1402224151128127,0,0,0,5,0
38521-51-6,92.45108135942328,1,1.21052,39744.523037,15.0,0.0,0.7486208672835386,0.011777333333333,0.0,0,0,4.27492849911751,0.6525023761950111,0,3.1023474399259703,0.7584228614642363,0,0,0.0,0,0.0,1,0,0.0,0.037037037037037,0,0,333.04730542393673,0,0,0,-0.0013444444444445,0.0,0.0,0,0.4615384615384615,0.0,0,0,0,1,0
39569-21-6,92.45108135942328,1,1.02087,32695.419927,14.75,0.0,0.5885665476239834,0.1993550533333328,0.0,0,0,3.84079549613978,0.7140968059357052,0,3.8627965776070834,0.3539409899956012,0,0,0.0,0,0.0,1,0,0.0,0.037037037037037,0,0,147.8667267712162,0,0,0,-0.0171787344444444,0.0,0.0,0,0.5,0.0,0,0,1,0,0
51805-45-9,7.199734571997343,0,0.48077,3830.322034722,13.5,3156.4513080000006,0.515044417696141,-1.6326945140478677,6.3771225031289545,0,0,2.94443897916644,0.6122617409642391,1,0.9518882434125312,1.4159075328308257,0,0,1.513350010363082,0,39.53004836711533,0,0,0.5880472971081436,0.0,0,0,134.926027434921,1,1,0,0.0236977400208115,0.0,0.0,0,0.0,-1.0628564184040183,1,0,0,9,0
51936-55-1,92.45108135942328,1,0.70998,31969.264306,14.5,5736.6608,0.8652577817781267,2.700951948576675,2.6207413942088964,0,0,5.2257466737132,0.6876220337918441,0,1.181532661346358,0.7514608633903614,0,0,0.0227143963186076,0,458.85871625619785,1,0,0.0,0.599595054408261,0,0,225.62672973970123,0,0,0,-0.0295544725803489,5.140954725511604,0.0,0,0.6190476190476191,0.0476643576148532,0,0,6,0,0
583-53-9,92.45108135942328,1,0.98837,10917.340715,11.0,0.0,1.5561607834593658,0.1287742499999999,3.965406456500188,0,0,2.15103519486684,0.5350950905814501,0,0.0,0.7627439256189512,0,0,0.0,0,0.0,1,0,0.0,0.0833333333333333,0,0,0.0,0,0,0,-0.0429247499999999,0.0,0.0,0,0.75,0.0,0,0,0,0,0
608-90-2,92.45108135942328,1,1.20331,35753.959307,14.0,0.0,0.3111198057134919,-0.1673656875000004,0.0,0,0,3.44601139745195,0.4976786026332263,0,0.0,0.6398231908042497,0,0,0.0,0,0.0,1,0,0.0,0.0453609211626514,0,0,0.0,0,0,0,0.0230278124999998,0.0,0.0,0,0.5454545454545454,0.0,0,0,0,0,0
615-54-3,92.45108135942328,1,1.07692,12971.634763,12.0,0.0,0.5799300727424272,-0.2156446874999997,1.6509636244473134,0,0,2.15103519486684,0.59298098188371,0,0.0,0.6634054277256489,0,0,0.0,0,0.0,1,0,0.0,0.0680413817439771,0,0,0.0,0,0,0,0.0391208125,0.0,0.0,0,0.6666666666666666,0.0,0,0,0,0,0
636-28-2,92.45108135942328,1,1.14679,21250.507627,13.0,0.0,0.0,-0.3143579999999998,0.3333333333333333,0,0,2.78423933945976,0.5350950905814501,0,0.0,0.6144811201521915,0,0,0.0,0,0.0,1,0,0.0,0.0555555555555555,0,0,0.0,0,0,0,0.1047859999999999,0.0,0.0,0,0.6,0.0,0,0,0,0,0
78-30-8,83.03186907838071,1,0.60918,8457.41326129199,36.75,6646.3443029999935,2.435802817849684,-0.2315528773200512,13.068179445467196,0,0,5.82701360541717,0.5572456065569897,0,0.5854861154791431,0.8735392506906594,0,0,0.0483981903489607,0,-12.500167617156468,1,1,0.0,0.25,0,0,200.95544396786988,0,0,0,-0.0069782271456341,0.0,0.0,0,0.8461538461538461,-0.0026844885059675,0,0,0,6,0
78-40-0,36.17920540997464,0,0.50473,3196.314859722,8.25,27.433728,1.2031647302067765,-0.8079367411242584,0.75,0,0,0.0,0.5229271006057488,0,1.5293778120867767,0.9115360196182304,0,0,0.0173546151767314,0,35.975894190545404,0,1,0.0,0.0,0,0,113.01453621188236,0,0,0,-0.0993986087771199,0.0,0.0,0,0.0,0.0333435514196191,0,0,0,6,0
78-42-2,90.21612450815532,1,0.6187,7927.25025172202,17.25,7797.570267864021,2.107601400674058,0.9447383160937536,18.77686179985849,0,0,3.68887945411394,0.4856070882085338,0,1.061432819908941,1.2391437002915948,0,0,0.1701657920021031,0,-4.391108632183823,0,1,0.0,0.0,0,0,134.0580974738352,0,0,0,-0.0021583154270837,1.3414869018467497,0.0,0,0.0,-0.2567295059635377,0,0,0,21,0
78-51-3,69.06854137984803,1,0.52782,6492.98558272202,17.25,6481.960954722019,1.1147670028334336,1.44318010863904,17.712985460186182,0,0,3.43398720448515,0.5283055773270138,0,1.2201872281715396,1.1562407182839434,0,0,0.2394982450483436,0,-7.9610137275016095,0,1,0.0,0.0,0,0,141.0976316972735,0,0,0,0.0272238664316948,0.0,0.0,0,0.0,-0.4166815994429959,0,0,0,21,0
791-28-6,44.64285714285714,0,0.70938,6977.420327868,30.75,747.7480110000001,1.5394708395354797,0.3681065216326526,26.958891049178693,0,0,6.30581897847558,0.4017690966119497,0,1.161379875711965,1.007792759835587,0,0,0.0035121072285413,0,10.390452995815098,0,1,0.0,0.3061862178478973,0,0,182.5723521617149,0,0,1,-0.0055681304081632,0.0,0.0,0,0.95,-0.0069047152997162,1,0,0,3,0
80-05-7,87.3941798941799,1,0.60794,4519.536538,22.5,1090.5417729999983,0.293495193528244,-0.455816859504131,8.691901917570458,0,0,5.53782627194851,0.6064651868729705,0,0.8841144146862326,0.9048741883018836,0,0,0.0184425582913852,0,9.524362049586786,0,0,0.0,0.1666666666666666,0,0,132.1799383559887,1,0,0,0.0052997531211534,0.0,2.0,1,0.7647058823529411,-0.1036603856079662,0,0,0,2,0
85-22-3,93.51923076923076,1,1.13074,38156.015039,15.0,0.0,0.7961766005364744,0.7408964444444438,0.0,0,0,4.27492849911751,0.6653361675159981,0,2.5162930286027434,0.4600057793324523,0,0,0.0,0,0.0,1,0,0.0,0.037037037037037,0,0,172.74589559569097,0,0,0,-0.0233086520061728,0.0,0.0,0,0.4615384615384615,-0.0088858900899505,0,0,0,1,0
87-82-1,92.54424779,1,1.24999,50257.410987,15.0,0.0,0.0,-0.1677967500000005,0.0,0,0,3.84079549613978,0.2789429456511298,0,0.0,1.2222222222222223,0,0,0.0,0,0.0,1,0,0.0,0.037037037037037,0,0,0.0,0,0,0,0.0559322499999997,0.0,0.0,0,0.5,0.0,0,0,0,0,0
87-83-2,92.45108135942328,1,1.16412,37849.283325,14.5,0.0,0.6383830026476466,0.2465512133333327,0.0,0,0,3.84079549613978,0.6054933386198771,0,3.672368026199043,0.3586831803526812,0,0,0.0,0,0.0,1,0,0.0,0.037037037037037,0,0,147.8667267712162,0,0,0,-0.0233918544444444,0.0,0.0,0,0.5,0.0,0,0,0,0,0
91-20-3,98.58333333333334,1,0.71429,1979.407596,15.5,0.0,1.165044036751091,-0.0169818271604935,11.678631656953222,0,0,5.61449578382944,0.4404375780076933,0,0.7650000000000001,1.0199999999999998,0,0,0.0,2,0.0,0,0,0.0,0.1666666666666666,0,0,64.54489320676558,0,0,0,-0.0001064691358025,0.0,0.0,0,1.0,0.0018815736227073,0,0,0,0,0
94-13-3,96.84136182681442,1,0.52631,2853.896167,15.5,512.020702,1.378523632694573,-0.3415222400000001,5.03405078222385,0,0,4.31331274212583,0.821227129747355,0,1.2405883018010668,1.0347656703161947,0,0,-0.0162356613233612,0,0.5252920224000164,0,0,0.0,0.0833333333333333,0,0,158.55092647345936,1,0,0,-0.0285138448516127,0.0,0.0,1,0.4615384615384615,-0.1325574624746255,0,0,0,4,0
94-26-8,58.593970132431664,1,0.53719,3050.652896,16.0,871.1593439999997,1.4722581288330798,-0.1923100408163263,6.525200882609978,0,0,4.35269436927093,0.8012354585841857,0,1.239429431521672,1.0826609965958478,0,0,-0.0229467709575788,0,-6.917809020901896,0,0,0.0,0.0833333333333333,0,0,170.6131454589243,1,0,0,-0.0279840040816326,0.0,0.0,1,0.4285714285714285,-0.1420339371955312,0,0,0,5,0
99-76-3,98.3134396627349,1,0.5,2426.625081,14.5,60.488064,1.1162237411140912,-0.4226707146814403,3.3019272488946267,0,0,4.15005516923611,0.7924079020808124,0,1.116647927758606,0.8258631582978588,0,0,-0.052090027123858,0,-48.95800092243768,0,0,0.0,0.0833333333333333,0,0,115.30169275546076,1,0,0,-0.0260892158146562,0.0,0.0,1,0.5454545454545454,-0.1134737980785096,0,0,0,2,0
99717-56-3,92.45108135942328,1,0.93846,11801.007381,17.0,7372.654592000001,0.7392391440042272,0.0172052400000002,0.944940787421155,0,0,4.22683374526818,0.8293020247188075,0,0.6743400427569259,0.5695962690989003,0,0,0.0415606967410444,0,623.8388177974999,1,0,0.6164574410010919,0.0555555555555555,0,0,293.1195890331656,0,0,0,-0.0069743516666666,0.0,0.0,1,0.4285714285714285,-0.0770071873705499,0,0,0,3,0
100-41-4,0.0,0,0.71429,1250.044159,10.0,0.0,0.934348981619134,-0.0131755555555553,7.732315986074721,0,0,2.78423933945976,0.6653361675159981,0,0.6375000000000002,1.0837499999999998,0,0,0.0,0,0.0,1,0,0.0,0.1020620726159657,0,0,58.96803507745969,0,0,0,-3.659876543215143e-05,0.0,0.0,0,0.75,0.0021095628292111,0,0,0,1,0
1031-07-8,0.0,0,0.51066,22586.239531,17.75,0.0,1.014451025969458,-0.2929192499999975,0.3333333333333333,0,0,5.42934562895444,0.7708888654040704,1,0.9337712077262458,0.5296081693186183,0,0,0.0,0,0.0,0,1,0.0,0.5995950544082609,0,0,324.6042394189068,0,0,0,-0.0473670931372549,0.966531207133059,0.0,0,0.6,0.1803125654529606,0,0,6,0,0
106-46-7,0.0,0,0.63525,2377.775395,11.5,0.0,0.0,-0.53456275,3.3019272488946267,0,0,0.0,0.5350950905814501,0,0.0,0.8617279017726266,0,0,0.0,0,0.0,0,0,0.0,0.0833333333333333,0,0,0.0,0,0,0,0.1781875833333334,0.0,0.0,0,0.75,0.0,0,0,2,0,0
107-02-8,0.0,0,0.51402,247.660437,4.75,0.0,0.0,-0.0681,1.0,0,0,0.0,0.9166666666666666,0,0.0,1.2326165871142485,0,0,0.0,0,0.0,0,0,0.0,0.0,0,0,0.0,0,0,0,0.0,0.0,0.0,0,0.0,0.0,0,0,0,1,0
107-06-2,0.0,0,0.5822,1403.701156,2.0,0.0,0.0,0.0110775625000001,1.0,0,0,0.0,0.5,0,0.0,1.166666666666667,0,0,0.0,0,0.0,0,0,0.0,0.0,0,0,0.0,0,0,0,0.0,0.0,0.0,0,0.0,0.0,0,0,2,1,0
107-13-1,0.0,0,0.59375,208.603437,7.75,0.0,0.0,-0.0219,1.0,0,0,0.0,0.8982265179691364,0,0.0,1.1556992208503098,0,0,0.0,0,0.0,0,0,0.0,0.0,0,0,0.0,0,0,0,0.0,0.0,0.0,0,0.0,0.0,0,0,0,0,0
108-60-1,0.0,0,0.56434,2951.1483,5.0,0.0,0.3925305186667634,-0.2457919999999934,0.25,0,0,0.0,0.5933400093427682,0,0.6803629068604715,1.0700111188798436,0,0,0.0,0,0.0,0,0,0.0,0.0,0,0,70.35210304871443,0,0,0,0.0023939999999998,1.0587688614540465,0.0,0,0.0,0.0,0,0,2,4,0
108-88-3,74.29677419354839,1,0.71429,943.312445,9.5,0.0,0.6865303783513905,-0.0518589866666662,6.083643418932058,0,0,0.0,0.6054933386198771,0,0.0,1.0156250000000002,0,0,0.0,0,0.0,1,0,0.0,0.1020620726159657,0,0,31.083744430930263,0,0,0,0.0014756622222221,0.0,0.0,0,0.8571428571428571,0.0,0,0,0,0,0
108-90-7,0.0,0,0.66496,1480.974599,10.25,0.0,1.5366404185432303,-0.1299831874999999,6.083643418932058,0,0,0.0,0.4976786026332263,0,0.0,1.0099833909599538,0,0,0.0,0,0.0,0,0,0.0,0.1020620726159657,0,0,0.0,0,0,0,-0.0216463541666666,0.0,0.0,0,0.8571428571428571,0.0,0,0,1,0,0
108-95-2,92.9796918767507,1,0.58823,998.723637,10.25,0.0,1.404065776811365,-0.1844648520710055,6.083643418932058,0,0,0.0,0.6182464502057431,0,0.0,1.1857882732624223,0,0,0.0,0,0.0,0,0,0.0,0.1020620726159657,0,0,31.083744430930263,1,0,0,-0.0076227928994083,0.0,0.0,1,0.8571428571428571,0.0,0,0,0,0,0
111-44-4,0.0,0,0.53451,1686.856574,4.0,0.0,0.5252513915799657,0.2258126400000016,2.94168275343288,0,0,0.0,0.6245948969456039,0,1.0451973977995064,1.106624711132323,0,0,0.0,0,0.0,0,0,0.0,0.0,0,0,125.43893248486216,0,0,0,-0.0115397955555556,0.0,0.0,0,0.0,0.0,0,0,2,4,0
111-91-1,48.96153846153846,0,0.49922,2119.612904,5.5,1403.701156,0.9652295341869236,0.142693130193907,3.68599400796656,0,0,1.09861228866811,0.6778614869719689,0,1.0713314386412292,1.0230923152319882,0,0,0.0043653856982311,0,11.435669444444413,0,0,0.0,0.0,0,0,159.3157750770554,0,0,0,0.0084264639889197,0.0,0.0,0,0.0,-0.0249559083003129,0,0,2,6,0
117-81-7,78.88888888888889,1,0.58823,7088.26841400002,24.5,6443.4654180000025,1.3889705272387554,0.7573069090909167,16.3074637616075,0,0,5.23627572560905,0.5963714305404663,0,1.0697572032675324,1.1518377550198162,0,0,0.1462799637370138,0,-1.8987956241322232,0,0,0.0,0.0833333333333333,0,0,150.10546953836229,0,0,0,0.012999341162824,0.7349848502657498,0.0,0,0.2142857142857142,-0.1956191549466941,0,0,0,16,0
118-74-1,0.0,0,0.5822,13082.486763,16.5,0.0,0.0,-0.398580750000001,0.0,0,0,3.84079549613978,0.2789429456511298,0,0.0,1.2222222222222223,0,0,0.0,0,0.0,0,0,0.0,0.037037037037037,0,0,0.0,0,0,0,0.1328602499999997,0.0,0.0,0,0.5,0.0,0,0,6,0,0
121-14-2,0.0,0,0.43445,3300.588278,20.0,0.0,1.1196994829347384,-0.4558461939058225,1.6509636244473134,0,0,4.86825534439525,0.8078347747194923,0,0.5972611093746485,0.9226319932239758,0,0,0.0,0,0.0,1,1,0.0,0.0680413817439771,0,0,172.35889981471598,0,1,0,-0.0462304195752537,0.0,0.0,0,0.4615384615384615,-0.0187041307866995,0,0,0,2,0
122-66-7,0.0,0,0.64151,2736.158551,21.0,778.8984039999998,1.535076582461382,-0.0639435502958568,12.737873119605036,0,0,4.72184149279178,0.4867169578010953,1,0.9612149911513612,1.1582788985253922,0,0,-0.0009622087537968,0,-3.084629276415881,0,0,0.0,0.2041241452319315,0,0,193.8098894708557,0,0,0,-0.0045456617876051,0.0,0.0,0,1.0,0.0111485531565862,0,0,0,3,0
124-48-1,0.0,0,1.07237,0.0,1.75,0.0,0.0,0.0,0.0,0,0,0.0,0.6277293767706428,0,0.0,1.3329849668782678,0,0,0.0,0,0.0,0,0,0.0,0.0,0,1,0.0,0,0,0,0.0,1.464506172839506,0.0,0,0.0,0.0,1,0,1,0,0
127-18-4,10.887096774193548,0,0.55556,5026.81,5.0,0.0,0.0,0.2361960000000006,0.0,0,0,0.0,0.355245321275764,0,0.0,1.25,0,0,0.0,0,0.0,0,0,0.0,0.0,0,0,0.0,0,0,0,0.0,0.0,0.0,0,0.0,0.0,0,0,4,0,0
131-11-3,0.0,0,0.49223,3561.0427,17.5,78.738912,0.7718687196665879,-0.1286815833333336,3.965406456500188,0,0,4.7996570280525,0.6591232116726949,0,1.446942142979416,0.6507301091447253,0,0,0.0245199322962486,0,11.202486548611128,0,0,0.0,0.0833333333333333,0,0,134.12406213265268,0,0,0,0.0324437884615384,0.0,0.0,0,0.4285714285714285,-0.1712666349964504,0,0,0,4,0
14265-45-3,56.06060606060606,1,0.34161,0.0,3.75,0.0,0.0,0.0,0.0,0,0,0.0,0.5,0,0.0,0.0,1,0,0.0,0,0.0,0,1,0.0,0.0,0,0,0.0,0,0,0,0.0,0.0,0.0,0,0.0,0.0,0,0,0,0,0
1634-04-4,32.24137931034483,0,0.57047,832.184139,3.0,0.0,0.0368711537470938,-0.982998370370366,0.0,0,0,0.0,0.493208311045421,0,0.0,0.800042957726463,0,0,0.0,0,0.0,0,0,0.0,0.0,0,0,0.0,0,0,0,0.0103587160493825,0.0,3.3635856610148585,0,0.0,0.0,0,0,0,1,0
32598-13-3,78.30188679245285,1,0.63525,8278.10223,23.5,3436.4521000000004,0.6539201222030385,0.316913867768595,5.469631815745401,0,0,6.30581897847558,0.5411201791593216,0,1.0549213983200545,0.7545820507416314,0,0,-0.0002868213115222,0,63.97330148760352,0,0,0.0,0.1360827634879543,0,0,247.60382981380897,0,0,0,0.0009116237238696,0.0,0.0,0,0.75,-0.0613517880932785,0,0,4,1,0
3268-87-9,80.94048096192384,1,0.55225,20145.961765,31.0,9243.3748,0.6895357258694946,-0.1879776033057854,0.0,0,0,6.63676642947202,0.4903549449600559,0,0.2538765296006467,0.9503224853789498,0,0,0.0491294047681332,0,75.35028957851242,0,0,0.0,0.1296296296296296,0,0,455.87407721129983,0,0,0,0.0272602036599763,0.0,0.0,0,0.6363636363636364,-0.1050653442965116,0,0,8,0,0
35822-46-9,81.69354838709678,1,0.55468,17546.589583,29.75,8022.405900000001,0.6443845529511113,-0.3366992500000002,0.0,0,0,6.56014625795001,0.6008331553544386,0,1.10627577717569,0.6905514755366967,0,0,0.0232534970395798,0,53.17450900165301,0,0,0.0,0.137953513755244,0,0,411.1520594057188,0,0,0,0.0331734107142856,0.0,0.0,0,0.6666666666666666,-0.1103657475789445,0,0,7,0,0
39001-02-0,0.0,0,0.575,19271.380971,31.0,3770.1075,0.9447798823650744,-0.0877463265306119,0.0,0,0,7.5147401538076,0.5663423834343752,0,0.3804084531041341,0.8952950283388351,0,0,0.0751390895980827,4,205.06103619274384,0,0,0.0,0.2555177587246798,0,0,466.2885548792658,0,1,0,-0.0141340470521542,0.0,0.0,0,0.6190476190476191,0.0254902522810767,0,0,8,0,0
51-28-5,0.0,0,0.39806,3407.839482,20.75,0.0,0.9963772645698326,-0.9184677231833972,1.6509636244473134,0,0,4.86825534439525,0.845224173069128,0,0.4384367433044548,1.110943945385208,0,0,0.0,0,0.0,0,1,0.0,0.0680413817439771,0,0,172.1486775486333,1,1,0,-0.0603822844290655,0.0,0.0,1,0.4615384615384615,-0.0555204823831561,0,0,0,2,0
534-52-1,0.0,0,0.41339,3931.924097,21.25,0.0,0.7568161550106695,-0.6278732800000016,0.4999999999999999,0,0,5.12433593402908,0.8524398460347834,0,0.6820977466760303,0.8769658366849921,0,0,0.0,0,0.0,0,1,0.0,0.0555555555555555,0,0,109.44803744733714,0,1,0,-0.0135355149999999,0.0,0.0,0,0.4285714285714285,-0.0555240488388847,0,0,0,2,0
56-23-5,0.0,0,0.53776,0.0,3.0,0.0,0.0,0.0,0.0,0,0,0.0,0.1109175070825711,0,0.0,0.0,0,0,0.0,0,0.0,0,0,0.0,0.0,0,0,0.0,0,0,0,0.0,0.0,0.0,0,0.0,0.0,0,0,4,0,0
62-75-9,0.0,0,0.42105,541.684842,4.25,0.0,0.0,-0.5368319999999998,0.0,0,0,0.0,0.5398672663189945,0,0.0,0.4905249184543828,0,0,0.0,0,0.0,0,1,0.0,0.0,0,0,0.0,0,0,0,0.0,0.0,0.0,0,0.0,0.0,0,0,0,1,0
621-64-7,0.0,0,0.52542,1648.581488,6.25,9.144576,0.7640830896981553,-0.1019618903591692,2.94168275343288,0,0,0.0,0.639474423332897,0,0.9017158528466458,1.231098121569635,0,0,0.0047822647844631,0,21.64555396786387,0,1,0.0,0.0,0,0,77.58499273036983,0,0,0,-0.0206910716236084,0.0,0.0,0,0.0,-0.0012118498110053,0,0,0,5,0
67-64-1,82.10526315789474,1,0.51402,169.40448,3.25,0.0,0.0,-0.8332012799999982,0.0,0,0,0.0,0.4729032506370176,0,0.0,0.9146671021485776,0,0,0.0,0,0.0,0,0,0.4013888888888889,0.0,0,0,0.0,0,0,0,0.0,0.0,0.0,0,0.0,0.0,0,0,0,0,0
67-72-1,0.0,0,0.54412,11310.3225,5.0,0.0,0.0,0.2989355624999993,0.0,0,0,0.0,0.2704260414863776,0,0.0,1.1666666666666667,0,0,0.0,0,0.0,0,0,0.0,0.0,0,0,0.0,0,0,0,0.0,0.0,0.0,0,0.0,0.0,0,0,6,1,0
71-43-2,0.0,0,0.71429,584.173803,9.0,0.0,0.0,-0.0177870000000003,9.125465128398089,0,0,0.0,0.2789429456511298,0,0.0,1.2222222222222223,0,0,0.0,0,0.0,0,0,0.0,0.125,0,0,0.0,0,0,0,0.0059289999999998,0.0,0.0,0,1.0,0.0,0,0,0,0,0
71-55-6,0.0,0,0.56556,321.6024,2.75,0.0,0.0,-1.7078061093749992,0.0,0,0,0.0,0.603759374819711,0,0.0,0.4067688721563157,0,0,0.0,0,0.0,0,0,0.0,0.0,0,0,0.0,0,0,0,0.0,0.0,1.0,0,0.0,0.0,0,0,3,0,0
72-43-5,60.56802244039271,1,0.59099,7036.191982,25.75,4313.098277000005,0.4956884148275718,-0.9640708603395056,8.691901917570458,0,0,5.94640180247107,0.6332169954784115,0,1.0719537535735677,0.7052821901678065,0,0,0.0476763483565947,0,14.480963975308631,1,0,0.0,0.1666666666666666,0,0,179.24400797125762,0,0,0,-0.0101100536019175,0.54617388930881,0.2857142857142857,0,0.6190476190476191,0.3535374960437858,0,0,3,5,0
74-87-3,78.68852459016394,1,0.5822,0.0,0.75,0.0,0.0,0.0,0.0,0,0,0.0,0.3904362833084089,0,0.0,0.92863148593289,0,0,0.0,0,0.0,0,0,0.0,0.0,0,0,0.0,0,0,0,0.0,0.0,0.0,0,0.0,0.0,0,0,1,0,0
75-00-3,37.49999999999999,0,0.61539,113.297184,1.25,0.0,0.0,-0.194895984375,0.0,0,0,0.0,0.7185463540765221,0,0.0,1.0764455017417447,0,0,0.0,0,0.0,0,0,0.0,0.0,0,0,0.0,0,0,0,0.0,0.0,0.0,0,0.0,0.0,0,0,1,0,0
75-01-4,0.0,0,0.61539,73.499328,2.75,0.0,0.0,-0.192942,0.0,0,0,0.0,0.8710490642551527,0,0.0,1.0890944864022731,0,0,0.0,0,0.0,0,0,0.0,0.0,0,0,0.0,0,0,0,0.0,0.0,0.0,0,0.0,0.0,0,0,1,0,0
75-09-2,25.000000000000004,0,0.55556,0.0,1.5,0.0,0.0,0.0,0.0,0,0,0.0,0.4554587535412856,0,0.0,1.189226958276819,0,0,0.0,0,0.0,0,0,0.0,0.0,0,0,0.0,0,0,0,0.0,0.0,0.0,0,0.0,0.0,0,0,2,0,0
75-25-2,61.11111111111112,1,1.49999,0.0,1.5,0.0,0.0,0.0,0.0,0,0,0.0,0.3904362833084089,0,0.0,1.3317210842792215,0,0,0.0,0,0.0,0,0,0.0,0.0,0,0,0.0,0,0,0,0.0,1.534722222222222,0.0,0,0.0,0.0,0,0,0,0,0
75-35-4,0.0,0,0.5822,142.9344,3.5,0.0,0.0,-0.742952888888889,0.0,0,0,0.0,0.7420981285103057,0,0.0,0.5566884576532071,0,0,0.0,0,0.0,0,0,0.0,0.0,0,0,0.0,0,0,0,0.0,0.0,0.0,0,0.0,0.0,0,0,2,0,0
77-47-4,0.0,0,0.57437,13906.3969,10.0,0.0,0.0,-0.8125337603305796,0.0,0,0,0.0,0.7372137942564655,0,0.0,1.2222222222222223,0,0,0.0,0,0.0,0,0,0.0,0.3333333333333333,0,0,0.0,0,0,0,0.0,0.0,0.0,0,0.4545454545454545,0.0,0,0,6,0,0
78-59-1,0.0,0,0.62232,2275.905003,8.25,0.0,2.84913210730352,-0.4082639999999959,1.5000000000000004,0,0,0.0,0.7249644671600353,0,0.0,0.8932147934464385,0,0,0.0,0,0.0,0,0,0.3559027777777778,0.0589255650988789,0,0,31.08374443093024,0,0,0,-0.033603333333333,0.0,2.080083823051904,0,0.6,0.0,0,0,0,0,0
79-00-5,0.0,0,0.56556,2694.105128,2.75,0.0,0.0,-0.1484281093749995,0.0,0,0,0.0,0.8333333333333334,0,0.0,1.082233578387739,0,0,0.0,0,0.0,0,0,0.0,0.0,0,0,0.0,0,0,0,0.0,1.2841220850480108,0.0,0,0.0,0.0,0,0,3,1,0
79-01-6,0.0,0,0.56556,2584.8722,4.25,0.0,0.0,-0.0801142222222223,0.0,0,0,0.0,0.8710490642551527,0,0.0,0.9814713025625976,0,0,0.0,0,0.0,0,0,0.0,0.0,0,0,0.0,0,0,0,0.0,0.0,0.0,0,0.0,0.0,0,0,3,0,0
79-34-5,0.0,0,0.55556,5170.760464,3.5,0.0,0.0,0.1062760000000009,0.0,0,0,0.0,0.5,0,0.0,1.1666666666666663,0,0,0.0,0,0.0,0,0,0.0,0.0,0,0,0.0,0,0,0,0.0,2.648834019204389,0.0,0,0.0,0.0,0,0,4,1,0
8001-35-2,0.0,0,0.59242,23430.566023,12.5,0.0,0.8164931343802633,0.3746508343195266,0.4999999999999999,0,0,4.30406509320417,0.8363491895743359,0,1.267201752558479,0.6619056059394902,0,0,0.0,0,0.0,0,0,0.0,0.5920655178622098,0,0,137.23333099160376,0,0,0,-0.022285478931325,2.479004629629629,1.6329931618554518,0,0.3888888888888889,0.0,0,0,8,2,0
84-66-2,53.21285140562249,1,0.51402,3934.311486,18.5,643.594226,1.0315935334902653,-0.6812131199999993,4.757576788076334,0,0,4.96959626213619,0.6772581055244612,0,1.423870842289885,0.9050726851544082,0,0,-0.0708240183371987,0,-7.513428142857133,0,0,0.0,0.0833333333333333,0,0,169.87082427278136,0,0,0,0.0114406713725491,0.0,0.0,0,0.375,-0.0342969752449612,0,0,0,6,0
84-74-2,50.980392156862735,1,0.54687,4809.09833000001,20.5,2840.853646000004,1.509575589958704,0.1822833741496589,10.3424241107555,0,0,5.08740341538998,0.6665901420746032,0,1.2803742709970027,1.073821589460159,0,0,0.0146595930096887,0,-8.134871205128189,0,0,0.0,0.0833333333333333,0,0,186.1261154266424,0,0,0,0.013069019138322,0.0,0.0,0,0.3,-0.1098640815785896,0,0,0,10,0
85-68-7,66.7,1,0.56522,5620.65379500001,28.5,4038.321118000006,1.4844886920416622,0.222940255273119,16.000999950377043,0,0,5.43821516925898,0.7133072066913723,0,1.068923093303236,1.0254043659962258,0,0,0.0439788371161413,0,-4.837287513250414,1,0,0.0,0.1853954059492991,0,0,200.33621120731777,0,0,0,0.0166571563709413,0.0,0.0,0,0.6521739130434783,-0.1290754495719283,0,0,0,9,0
86-30-6,0.0,0,0.59116,3479.6203,22.75,249.24933700000005,1.142774236080017,-0.0913392127999995,13.995261637820173,0,0,5.41052935715496,0.4941354464635174,0,1.1907290913470063,1.1302908388921795,0,0,0.0014094672646768,0,10.226616235294133,0,1,0.0,0.2041241452319315,0,0,175.92566218006442,0,0,0,-0.0223690502095237,0.0,0.0,0,0.8666666666666667,-0.0089073018424745,0,0,0,3,0
87-68-3,0.0,0,0.56556,8982.516321,9.0,0.0,0.0,-0.1488034800000001,0.0,0,0,0.0,0.5785580060704263,0,0.0,1.25,0,0,0.0,0,0.0,0,0,0.0,0.0,0,0,0.0,0,0,0,0.0850305599999999,0.0,0.0,0,0.0,0.0,0,0,6,1,0
88-06-2,0.0,0,0.55744,4721.766069,14.0,0.0,0.5708904022253544,-0.3772148698224856,0.4999999999999999,0,0,2.78423933945976,0.7764322346416845,0,3.036304336481884,0.6822027665523727,0,0,0.0,0,0.0,0,0,0.0,0.0555555555555555,0,0,125.1611140567369,0,0,0,0.0537404822485207,0.0,0.0,0,0.6,0.0,0,0,3,0,0
91-94-1,0.0,0,0.61539,5781.213654,23.5,1462.7957819999992,0.4456902979748571,0.2505203431952666,5.469631815745401,0,0,6.30581897847558,0.6439795029551799,0,1.128371494775652,0.8078681599342786,0,2,0.1227169298385857,0,27.95694742764929,0,0,0.0,0.1360827634879543,0,0,213.37223729249013,0,0,0,0.0045515662464625,0.0,0.0,0,0.75,-0.1211725051191575,0,0,2,1,0
92-87-5,0.0,0,0.64151,3092.188946,21.0,497.937594,0.3728324627683188,-0.2030281656804723,9.907484227384668,0,0,6.07268444623508,0.5581428118507074,0,1.0611476890553266,1.0051973765030626,0,2,-0.0513066436492344,0,-2.00044108660569,0,0,0.0,0.1666666666666666,0,0,158.20515465316487,0,0,0,0.003928673012606,0.0,0.0,0,0.8571428571428571,-0.037014084472584,0,0,0,1,0
98-95-3,0.0,0,0.49393,1691.297721,14.25,0.0,1.3348140918896143,-0.0085598163265334,6.083643418932058,0,0,3.84079549613978,0.6554689475548862,0,0.8774333805085054,1.1865690734847938,0,0,0.0,0,0.0,0,1,0.0,0.1020620726159657,0,0,82.0136306254668,0,1,0,-0.1066308866213148,0.0,0.0,0,0.6666666666666666,0.0,0,0,0,1,0
101202,91.64179104,1,0.57766,7128.718346,28.0,3102.303456000001,1.4736016913561387,-1.1742157831632665,5.437138445508412,0,0,5.23660817242062,0.6525346452654996,0,0.8652969873381713,0.9159636519529918,0,0,-0.0480361936308542,0,-3.2932088947704368,0,0,0.0,0.1513747150773104,0,0,223.31962990310925,0,0,0,-0.021152025085034,0.0,0.0,0,0.7894736842105263,0.1896078035124334,0,0,3,4,0
103902,100.0,1,0.52595,2105.334351,15.0,76.61505600000001,0.4955376793580179,-1.3723376299999976,3.3019272488946267,0,0,4.20189018878526,0.8061642034028318,0,1.037467018381057,1.0539673781217016,0,0,-0.094801659640032,0,-50.0645432875,0,0,0.5271853741496598,0.0833333333333333,0,0,117.44658905846327,1,0,0,0.0106279176923076,0.0,0.0,1,0.5454545454545454,0.1906811026685222,0,0,0,2,0
114078,0.0,0,0.50434,19987.8434770001,35.0,26733.0467430001,1.0918610875504555,-0.0566030721057545,0.7220329629736978,1,0,5.30330490805908,0.6748138157177658,0,0.8714277302770861,1.0001391372776995,0,0,-0.0003055692590085,0,-0.7570271759347943,0,0,0.7015819310008975,0.1036680779880243,0,0,136.56767336402885,1,0,0,-0.0019055719745208,-14.464832661951206,6.523177017949395,1,0.5490196078431373,-0.0314602710170508,0,0,0,7,0
1159826,78.50556403499999,1,0.64789,6379.225966,26.5,2947.6713750000017,0.9481094704082672,-0.1724645451851838,17.91796510902725,0,1,6.37459883473113,0.7349213913156462,0,1.101247505880934,0.8818605508892157,0,0,0.0642539047898574,0,-2.8878207976901664,1,0,0.4754733560090703,0.1666666666666666,0,0,150.73196719561045,1,0,0,-0.0004562711685328,-0.4332418955236414,0.0,0,0.6818181818181818,0.0047348843279396,0,1,0,3,0
1163195,94.13714509,1,1.12167,77596.566158,30.0,58899.273400999984,0.7547079581585732,-0.146636521739132,0.0,0,0,6.02284208280024,0.4355250928004834,0,0.8865949920034494,0.9545790467198568,0,0,0.015471943586888,0,204.8223194960524,1,0,0.0,0.074074074074074,0,0,534.2098858172754,0,0,0,0.0157282095598163,0.0,0.0,0,0.5652173913043478,-0.0725014525750495,0,0,0,2,0
1175060,100.0,1,0.64885,10298.040589,18.0,5656.327189000038,0.720255293934577,-0.4275467072000357,12.593130739707394,0,0,5.37989735354046,0.5899249272050875,0,0.8387913541368747,1.1340829154727754,0,0,0.0605443828710758,0,3.0085311261907046,0,0,0.4291666666666667,0.384805740894417,0,0,111.02695192597216,1,0,0,0.0027335935090909,4.472618885259386,2.2422597680429632,0,0.5862068965517241,-0.0719375048743796,0,0,0,5,0
1222055,43.84615385,0,0.66351,6714.394515,17.0,607.6728000000013,0.5706331858989303,-0.0986294399999965,2.1822472719434427,0,0,6.15419439186157,0.6153548887836892,1,0.8215004967128909,0.7651910331288291,0,0,-0.0525578500701763,0,-0.2570803696581084,1,0,0.0,0.4322009312058539,0,0,112.09033069206146,0,0,0,0.0004846591616766,1.193468442932728,5.583104079285357,0,0.6842105263157895,-0.0218836852852605,0,0,0,0,0
134523005,71.3592233,1,0.55889,11464.5907095216,51.75,15083.711475027249,1.260357700397587,-2.08788250692524,26.14120216760304,0,0,7.57536026741119,0.7463069741119097,0,1.0359101597032314,1.0396546700995273,0,0,0.2293442186365061,0,-2.658626436058816,1,0,0.7475344101614707,0.4809665478760644,0,0,194.373926546544,1,1,1,-0.0114991737255739,-2.2704450247331343,0.0,1,0.6097560975609756,-0.4558000517750997,0,0,0,13,1
134623,91.551330095,1,0.61398,3394.289203,15.5,264.49516800000026,1.1924883417416874,-0.0566013277835553,5.087561571431172,0,0,4.60517018598809,0.7378262790815607,1,0.9930235904126514,0.906579481316124,0,0,-0.0010729830919969,0,-0.3995218266686159,1,0,0.0,0.0833333333333333,0,1,123.69163468308192,0,0,0,-0.0091126576482829,0.0,0.0,0,0.4285714285714285,-0.0009368729763041,0,0,0,4,0
137862534,98.184786415,1,0.5618,8621.77665699999,39.0,5646.55514900001,1.2783734725243772,0.4656495748454783,15.179160903284105,0,0,7.03236909829142,0.7829332323207601,0,1.0298981540208436,0.9978994984604006,0,0,-0.0219058069386977,0,2.0876341531534885,1,0,0.6012776593084306,0.25,0,0,160.8517131783425,1,0,0,-0.0072541532649426,-1.0581618887653137,0.0,0,0.53125,-0.0291941752653466,0,0,0,11,0
139844,85.0,1,0.6546,3041.891096,14.75,1573.436643999997,0.9059827448668332,0.0191396899999991,18.35647193519093,0,0,3.92937164376276,0.625758299130623,0,0.9281643508776344,1.2753720120930898,0,0,-0.0001611271947927,0,-0.0830733633333307,1,0,0.0,0.0833333333333333,0,0,116.52173926441856,1,0,0,-0.0013570778160919,0.0,0.0,1,0.375,-2.1993134979720426e-05,0,0,0,8,1
147217752,61.18935837,1,0.84931,11054.417422,23.0,8687.176537,0.8446558704821975,0.0499143478260879,6.400421688677354,0,0,5.34023875651159,0.6043781440706826,0,1.0895408683474388,0.7770478091214922,0,0,0.0200467716931958,0,181.19682324963856,1,0,0.0,0.1513747150773104,0,0,287.9657435616383,0,0,0,0.0043212711990278,0.0,0.0,0,0.8125,-0.034834105718369,0,0,0,2,0
148798,0.0,0,0.62426,3182.136924,23.5,117.12556800000002,0.9843825351336756,0.1569028979591841,4.68483648103011,0,1,6.73126978420087,0.8915855958585936,0,1.0171908459036736,0.9718180619966597,0,0,0.0011126429313416,2,-17.462599554195016,0,0,0.0,0.3583049857101765,0,0,224.7778320513362,0,0,0,-0.0074682887377173,0.0,0.0,0,1.0,-0.0114645039869312,0,0,0,1,0
15307865,67.5,1,0.57184,6403.343805,26.5,3589.076558000002,0.7306012854029554,-0.5574057599999995,8.015002269790575,0,0,5.62164556177601,0.761143649094886,0,0.9720564066459148,0.955446161993635,0,0,0.2629099057293829,0,19.89898819588588,1,0,0.7400469655454773,0.1513747150773104,0,0,222.36147084386445,1,0,0,0.0046252583050847,0.0,0.0,0,0.6842105263157895,-0.2219649571556253,0,0,2,4,0
154212,1.2918578959999998,0,0.51425,9917.941506,18.5,6236.007068000013,1.140507874404768,2.806742790916389,2.94168275343288,0,0,4.44265125649032,0.8005971392280581,1,0.9917861046943348,1.1516102443797616,0,0,-0.1117114945703049,0,-3.072068600139378,0,0,0.683564027462837,0.2651829033271218,0,0,135.78892922690622,1,0,0,-0.0014743444603178,-6.8537489624259855,0.0,1,0.5,-0.0580679037801617,0,0,0,8,0
15687271,99.72556391,1,0.59557,3502.70527500001,15.5,1202.504109999999,0.8961193934433949,-0.179189535353535,4.883593419305869,0,0,4.9728468880346,0.7084713105959705,0,0.9703452590741416,1.025306358725525,0,0,-0.0313862635506504,0,-6.122633146864546,1,0,0.6718055555555555,0.0833333333333333,0,0,113.85096245075138,1,0,0,-0.0026151964843237,0.2137474279835381,0.0,0,0.4,0.039087621136549,0,0,0,4,0
182346210,90.756663295,1,0.9489,27612.16315,25.0,18072.723593,0.6504788299496502,-0.1572137391304377,3.138033853154327,0,0,5.5704891489296,0.646978312281574,0,1.0229343500479118,0.6667236428216432,0,0,0.0091873701173977,0,-23.776704267319232,1,0,0.0,0.1235969372995327,0,0,331.0727903112872,0,0,0,0.0173035830407778,0.0,0.0,0,0.7222222222222222,-0.0309187653737242,0,0,0,2,0
182677301,100.0,1,0.99078,35891.036014,26.0,25403.976601,0.6174442407489329,-0.3633331739130461,1.7203065102465214,0,0,5.66545303087102,0.6202514033800703,0,1.004080943703744,0.6344392995735908,0,0,-0.0075787794494867,0,-37.98342355565469,1,0,0.0,0.1111111111111111,0,0,359.8108214777196,0,0,0,0.0239032109775857,0.0,0.0,0,0.6842105263157895,-0.0364922521937032,0,0,0,2,0
18559949,38.81278539,0,0.54109,4367.543662,16.25,1615.2854879999968,0.9661694957715944,-0.5064442354570606,3.61939931847957,1,0,4.70924863014336,0.7791654549920545,1,0.9796078369184164,0.993616219499481,0,0,-0.0964407766866715,0,2.539768208380653,1,0,0.0,0.0680413817439771,0,0,131.88311932393276,1,0,0,0.0011610842852251,-0.6526620370370371,3.0,1,0.3529411764705882,-0.0673374939818084,0,0,0,5,0
189084615,80.55693069,1,0.90206,18150.56035,24.0,11768.617609,0.4664647402899466,-0.6853385652173911,4.521885820149877,0,0,5.46911443749004,0.6514418345276095,0,1.069001572568166,0.7137742888616466,0,0,-0.0103107333610774,0,-217.1815059272768,1,0,0.0,0.1360827634879543,0,0,279.923935201573,0,0,0,0.0256152697812584,0.0,0.0,0,0.7647058823529411,0.0064345476058743,0,0,0,2,0
189084626,71.86507937,1,0.90206,25557.869102,24.0,3569.2719130000005,0.7685331063100171,0.3736644347826097,6.0105062942569765,0,0,5.47620201145663,0.6634092457223221,0,1.2629267919528322,0.7137742888616465,0,0,-0.0045272944482864,0,-405.4247387866117,1,0,0.0,0.1474229937786172,0,0,302.0784829408082,0,0,0,0.0122214204023764,0.0,0.0,0,0.7647058823529411,0.0044583878945409,0,0,0,2,0
189084648,89.05027933,1,0.9489,16345.735454,25.0,23270.155384999995,0.7467283727595639,-0.2775977391304374,2.760751865969747,0,0,5.50748876029536,0.6350109010868613,0,1.022934350047912,0.6667236428216433,0,0,0.0661478084981413,0,509.841335343934,1,0,0.0,0.1235969372995327,0,0,353.4836142545688,0,0,0,0.0148666560221442,0.0,0.0,0,0.7222222222222222,-0.0960763303448664,0,0,0,2,0
189084682,100.0,1,1.02844,50394.487694,27.0,32735.22960899999,0.5589103589368715,-0.2446938695652213,1.6509636244473134,0,0,5.76548494675581,0.6283129664601077,0,1.3576169593439924,0.6184202978114376,0,0,-0.0235370523584024,0,-124.17459707105556,1,0,0.0,0.1050784187810142,0,0,373.9235608568897,0,0,0,0.0295473539022414,0.0,0.0,0,0.65,-0.0619574958794473,0,0,0,2,0
207122154,90.1758794,1,0.99078,29666.457198,26.0,25403.976601,0.541513339177518,-0.756462173913046,1.4324702914936969,0,0,5.63879941027948,0.6202514033800703,0,1.004080943703744,0.6344392995735908,0,0,-0.0075906260683355,0,-37.98342355565469,1,0,0.0,0.1111111111111111,0,0,359.8108214777196,0,0,0,0.0379435324061571,0.0,0.0,0,0.6842105263157895,-0.0365266980644696,0,0,0,2,0
207122165,91.85628743,1,1.02844,50394.487694,27.0,32735.22960899999,0.5589103589368715,-0.2446938695652213,1.6509636244473134,0,0,5.76548494675581,0.6283129664601077,0,1.3576169593439924,0.6184202978114376,0,0,-0.0235370523584024,0,-124.17459707105556,1,0,0.0,0.1050784187810142,0,0,373.9235608568897,0,0,0,0.0295473539022414,0.0,0.0,0,0.65,-0.0619574958794473,0,0,0,2,0
20830755,100.0,1,0.51117,21645.6273890001,39.25,14460.88626699997,0.8238505897640604,-1.350875999999986,12.37415378740691,0,0,6.07534603108868,0.6472409761787792,0,0.941336135312034,1.0909511964744776,0,0,-0.0877086222870176,0,-0.8642305896163774,0,0,0.5840262250115333,0.7629555243091446,0,0,130.9766196852063,1,0,1,0.003809265917603,-9.37322785985959,2.104827692590156,0,0.7413793103448276,0.7413617996568619,0,0,0,7,0
22071154,43.98,0,0.57692,4879.653788,25.75,1925.8681859999983,1.0445083922842155,-0.2132038971533518,11.20509868850126,0,1,5.83936904562088,0.7114162238100619,1,1.061057251012365,0.9958002020839716,0,0,-0.0233757336111142,0,-0.7659296449560452,1,0,0.7445752236079617,0.1853954059492991,0,0,178.62290121479222,1,1,0,-0.0104820833468373,-0.6217376333249356,0.0,0,0.6842105263157895,0.1378340920800666,0,0,0,4,0
22139771,100.0,1,0.60209,3365.418699,23.5,1607.9980719999987,1.4062505959959246,-0.4401145306122456,13.882313745988965,0,1,5.6021188208797,0.6675117886492866,0,0.9119543296322888,1.072180777764573,0,0,-0.0143510581484542,0,-8.960348775510202,1,0,0.0,0.1701034543599429,0,0,182.5690985821164,1,0,0,-0.0147260185528756,0.0,0.0,1,0.875,0.0669504904903111,0,0,0,2,1
22204531,99.416981605,1,0.56338,4487.194274,22.0,1103.6205729999986,0.7631693457875319,-0.6144531321540067,5.99922880524203,0,0,6.39843893235086,0.8110461399267626,0,1.0771091051679025,0.8340769631719904,0,0,-0.1653687231278351,2,6.561648013527584,1,0,0.7164214852607709,0.1360827634879543,0,0,155.74367420776872,1,0,0,-0.0016804066186924,-0.4847206737633331,0.0,0,0.5882352941176471,0.0064742969287807,0,0,0,3,0
22916478,100.0,1,0.59563,8901.724933,35.25,9387.268040999998,1.3651092403920189,-1.0576066535174224,12.21210477263966,0,0,5.64412093059813,0.7986239909158194,0,1.0587583494583586,0.766741080555975,0,0,-0.0827387949092312,0,2.866965808177187,1,0,0.0,0.2381448361039201,0,0,228.32756591808928,0,0,0,-0.0071603075394095,0.0833061609417424,0.0,0,0.84,0.1038213584720993,0,0,4,6,1
243982823,80.44887506,1,0.83333,14705.99124,25.25,11391.130499,0.4166858185263311,-0.5744660000000007,2.811547978000323,0,0,5.54114098862907,0.7127417393502399,0,0.991335030469606,0.6864397424536445,0,0,0.0571971727162402,0,1.876263989400627,1,0,0.0,0.1235969372995327,0,0,315.1974115539643,1,0,0,0.0400463548387096,0.0,0.0,1,0.7222222222222222,-0.0334324391480696,0,0,0,2,0
25812300,74.64788732,1,0.57047,4668.77288,18.0,2710.816775000003,1.117882631497792,-0.3040752399999986,4.9223866387741655,0,0,4.18918114504859,0.7567872179607437,0,0.9573460776302886,0.927469674376352,0,0,0.0104664873539692,0,3.110515614364402,1,0,0.0,0.0680413817439771,0,1,127.31835835703392,1,0,0,-0.0046120933333333,0.0,1.4622208914180497,0,0.3333333333333333,-0.0961320482647259,0,0,0,6,0
29122687,40.49145299,0,0.53658,4217.21228500001,19.25,2189.7437239999986,0.8300396440139155,-0.5916171564544875,6.857230682034217,1,0,4.85690119415421,0.8292368304978569,0,1.089541835464768,1.111812627047323,0,1,-0.0697373403251057,0,0.0068501591810433,1,0,0.6613734567901235,0.0833333333333333,0,1,130.18390461017506,1,0,0,-0.0008695024503555,-0.212565408285973,0.0,0,0.3157894736842105,0.2456711969455962,0,0,0,8,0
298464,0.0,0,0.60941,5434.720145,26.25,83.819232,1.0444679217839483,-0.3861958222222225,14.076204298872891,0,1,6.41376628698589,0.6875142611278905,0,1.25630048499006,0.953678012248071,0,1,0.0172981603870122,0,20.496181522352963,1,0,0.0,0.1666666666666666,0,0,139.24916260522764,0,0,0,-0.0046962869841269,0.0,0.0,0,0.8333333333333334,0.0143982560899942,0,0,0,1,0
300629,95.9020979,1,0.66216,1718.907317,11.25,5.08032,1.2097752732306866,-0.2211180113421532,7.732315986074721,0,0,3.59559846411071,0.7393414675713674,0,0.9581727689180832,1.135406007171522,0,1,0.0095977287144731,0,23.723676136105865,1,0,0.0,0.1020620726159657,0,0,92.49827137196628,0,0,0,-0.0016751101968197,0.2661111111111107,0.0,0,0.6,-0.0006539318742418,0,0,0,2,0
313042,93.0,1,0.67921,9590.364478,17.75,5180.0958190000365,0.6008069527533106,-0.3447182500000348,15.301585299105966,0,0,5.53733426701854,0.6911173243260089,0,0.8227614253795629,1.0880511107114177,0,0,0.0136482533041399,0,2.199294986500504,1,0,0.2973994288297173,0.3936345532609666,0,0,109.3731031957031,1,0,0,0.0004939275147929,4.411147007663666,2.2422597680429632,0,0.6071428571428571,-0.0066746009302114,0,0,0,4,0
337513721,90.642541085,1,1.0625,53631.511678,28.0,39039.335593,0.6572883683369898,-0.314808826086959,0.3333333333333333,0,0,5.83936904562088,0.6082839921853579,0,1.0944805617138929,0.6261180153462237,0,0,-0.005609813599286,0,-19.366046767486083,1,0,0.0,0.0925925925925925,0,0,439.6977077538663,0,0,0,0.0299677385228193,0.0,0.0,0,0.6190476190476191,-0.0584918341766466,0,0,0,2,0
3380345,98.73636024,1,0.56871,6372.077731,25.0,3809.389995,0.8396459985328837,-0.6401542500000008,4.34811903578886,0,0,5.43290289088046,0.7362796496509925,0,1.119234198152446,0.8370508169692809,0,0,0.1367465905156783,0,42.660165350000014,0,0,0.0,0.1360827634879543,0,0,243.86263556051364,1,0,0,0.02425540625,0.0,0.0,1,0.7647058823529411,-0.1423114783737978,0,0,3,2,0
35854945,100.0,1,0.99078,19582.759438,26.0,29574.261369,0.9481698120433916,-0.210972173913046,1.4422495703074083,0,0,5.57689562475035,0.5818053634744176,0,0.7134474732449869,0.6344392995735908,0,0,0.0855956036573845,0,726.7795162704325,1,0,0.0,0.1111111111111111,0,0,419.2577611515454,0,0,0,0.0037681379962192,0.0,0.0,0,0.6842105263157895,-0.1344038924577501,0,0,0,2,0
360689,84.0,1,0.67921,9751.90655800001,15.75,5306.332699000043,0.6533876037467781,-0.2998320138504557,15.301585299105966,0,0,5.25227342804663,0.5252000250031124,0,0.8430366275314451,1.163191622870318,0,0,0.0196450921708952,0,1.890997807698509,0,0,0.0,0.3936345532609666,0,0,105.89265210960544,1,0,0,0.0002727925852844,6.480798544404953,2.2422597680429632,0,0.6071428571428571,-0.0103569097019281,0,0,0,5,0
37350586,9.359605911,0,0.55625,4197.34592900001,17.75,2248.047475999999,0.794762718677952,0.0432168553719039,8.734913183032234,1,0,4.62128956786797,0.8074031005662293,0,1.145024760913057,1.0492642513134736,0,0,0.0398292255266703,0,2.3774151868656648,1,0,0.0,0.0833333333333333,0,1,134.8218956546702,1,0,0,0.0023792582644627,-0.1201055715869034,0.0,0,0.3157894736842105,0.0931310000762363,0,0,0,9,0
396010,2.29468599,0,0.54658,5378.212887,30.75,1349.7287389999983,1.4071488125457234,0.2305506622222221,6.083643418932058,0,1,7.08758675893978,0.7427134880160613,0,1.1520411377649156,0.8645081843770384,0,3,0.1316166542241972,2,10.405476630540562,1,0,0.0,0.2131731837270768,0,0,174.57480525707834,0,0,1,-0.0227852750877193,0.0,0.0,0,0.8421052631578947,-0.3305836889761849,0,0,0,1,0
41318756,69.97389034,1,0.84931,9871.687486,23.0,10661.943417,0.3892020940711526,-0.615959652173912,6.394267228308959,0,0,5.35230234759457,0.623601164023509,0,1.1414942870778548,0.7770478091214922,0,0,0.027238367287468,0,51.04727779695331,1,0,0.0,0.1513747150773104,0,0,251.1859040351404,0,0,0,0.0305345444909532,0.0,0.0,0,0.8125,-0.0213740919723568,0,0,0,2,0
42399417,44.867160035,0,0.57162,10631.214479,34.0,6609.03678300001,0.9861984187921016,-0.0828038347107628,11.029056641980883,0,1,6.21529536220233,0.7955197920386348,1,1.001415176820126,0.7836753536086356,0,0,0.0483865569221123,0,-10.776986996507269,1,0,0.6354055912488452,0.1666666666666666,0,0,186.3724753160788,0,0,0,0.0046111723217493,-0.8467670277987742,0.0,0,0.5862068965517241,-0.1770755106223132,0,0,0,7,0
437701785,89.376182785,1,1.09344,63093.114478,29.0,44395.82172099999,0.9212041352877685,-0.0601650434782632,0.0,0,0,5.93307375655665,0.5335599084891359,0,0.56980838187415,0.6849078581877431,0,0,0.0369343115467303,0,199.016195027688,1,0,0.0,0.0823979581996884,0,0,519.8408702340591,0,0,0,-0.0004481957196867,0.0,0.0,0,0.5909090909090909,-0.0219157478319246,0,0,0,2,0
437701796,91.575878875,1,1.09344,63093.114478,29.0,45343.44157699999,0.7973768752395702,-0.0601650434782631,0.0,0,0,5.92859130528947,0.5492792641581872,0,0.7008436912395237,0.6849078581877431,0,0,0.0122968859883455,0,77.13660497142199,1,0,0.0,0.0823979581996884,0,0,505.4718546508429,0,0,0,0.0141714191871455,0.0,0.0,0,0.5909090909090909,-0.0549891102749549,0,0,0,2,0
439145,63.43589744,1,0.60592,6629.99329,28.25,1231.2446609999986,0.9211385782389822,-0.0703404710743793,10.310410669398491,0,1,6.31518845731328,0.7551744447890766,0,0.991260778574146,0.774494903825224,0,0,-0.0051869354739874,0,-2.1326830935431227,1,0,0.7914731355505165,0.1701034543599429,0,0,181.557035160319,0,0,0,0.0046622539354584,0.0,0.0,0,0.85,0.0154300762353957,0,1,1,1,1
45187153,16.3797693,0,0.26147,11254.5980035784,13.25,0.0,0.7648884592869929,-0.0026597335640171,0.0,0,0,0.0,0.7588769229097538,0,0.0700860521177698,1.2476795776489271,0,0,0.0,0,0.0,0,1,0.0,0.0,0,0,195.7311675396691,0,0,0,0.0145516234140713,0.0,0.0,0,0.0,0.0,0,0,0,4,0
474624,81.0,1,0.68038,10154.388361,17.25,5767.3226850000365,0.5863117315449496,-0.3060100718502682,13.497634103551706,0,0,5.52146091786225,0.6055896633828344,0,0.8671639763282118,1.1126937103336074,0,0,-0.00124423239611,0,-0.0543189792205047,1,0,0.3180555555555555,0.3936345532609666,0,0,110.57784071997594,1,0,0,0.0006967385253806,6.163196219632646,2.454182824384593,0,0.5862068965517241,0.008043284985163,0,0,0,5,0
486566,97.68382353,1,0.575,3117.847549,16.0,21.207312,0.8168629239635989,-0.4329105791999997,5.688218364190332,0,0,4.69820505195528,0.890135379039098,0,0.8508240987170981,0.9101876728538612,0,0,-0.0044588218361631,0,21.39794251760003,0,0,0.5254492630385488,0.3500677179013965,0,0,112.29064617832417,0,0,1,0.0040870422153845,0.237222222222222,0.0,1,0.8461538461538461,0.0068468521205501,0,0,0,1,0
50282,83.3,1,0.62232,6934.839207,18.5,1571.7673589999977,0.6315602585082695,-0.1881111074380151,10.5026299094428,0,0,5.76430905245079,0.7971439846209937,0,0.838290046742997,1.0610683624752602,0,0,-0.0093528369985184,0,-3.8881987968595086,1,0,0.0,0.445414213930016,0,0,111.37499910289743,1,0,0,0.0010583972641778,1.998644127404048,1.0,1,0.85,0.010717067278378,0,0,0,0,1
50362,91.762460155,1,0.5424,6643.05228,23.25,3310.5452330000016,1.4607705152582176,-0.8211079156300685,7.739100397049802,0,0,5.18563847008253,0.7969219432155865,0,0.9632999014747734,0.9576758722203214,0,0,-0.0073661479818833,0,-0.4077774966272444,0,0,0.7827908871882086,0.3672449759430876,0,0,170.29011071860478,0,0,0,-0.0166660928740605,-0.3384062946166137,0.0,0,0.7272727272727273,0.1091008682206606,0,0,0,5,0
50486,40.49686602,0,0.68874,5783.603167,25.75,2692.315302000001,0.724907893279766,-0.093779520661156,21.47691469873046,0,1,6.29515068113738,0.6793724254365847,0,1.0777778617354024,0.8819866790419768,0,0,-0.0443099596198625,0,-3.3619871782837647,1,0,0.4550651927437641,0.1666666666666666,0,0,150.07007715600395,0,0,0,0.0001146880837196,0.0,0.0,0,0.7142857142857143,0.0511501898462246,0,0,0,3,0
51146555,100.0,1,0.55555,3839.97086400001,16.25,1589.8359279999988,0.8740665045949575,-1.4130342006920382,4.883593419305869,0,0,5.08334347747883,0.7194410783615101,0,0.9982755344482768,0.9788889595650292,0,0,-0.1652851289099625,0,-4.51927801081316,1,0,0.6874305555555555,0.0833333333333333,0,0,115.8846645458202,1,0,0,-0.0060638860053825,-0.4896419123204845,1.5682738757241308,0,0.375,0.0493190988815259,0,0,0,4,0
51481619,56.54952077,1,0.56522,4137.165703,20.75,1832.1407619999984,0.7501586721080098,-0.6290158677685945,2.583139261973672,0,0,3.89054397375102,0.8948140787574224,0,1.147084872257358,1.0156701467099247,0,0,0.1352197781038801,0,9.399011907407417,1,0,0.0,0.2011844635310912,1,0,145.31893356476118,0,0,1,0.0013837095284394,0.0,0.0,0,0.2941176470588235,-0.0594855449255382,0,1,0,7,1
519095,81.50091301500001,1,0.53578,6298.536986,22.5,2943.2397750000027,1.515214269431344,-0.968432302500002,7.739100397049802,0,0,5.13983439923392,0.7997474330588783,0,0.950702838123511,1.034237587820113,0,0,-0.0190334624197096,0,-8.270201187434695,0,0,0.7827908871882086,0.3672449759430876,0,0,171.8256212898793,1,0,0,-0.0211510952570092,-0.8895230746619653,0.0,0,0.7619047619047619,0.0592185306391283,0,0,0,4,0
525666,7.00280112,0,0.59519,4676.57702100001,21.75,2254.587331999999,1.0146160201477536,0.4705808750000033,10.991418438850388,1,0,6.03286137637908,0.7619705041123374,0,1.1086326154110169,1.0324218325215335,0,0,-0.0005855784986356,2,-4.437446348465912,0,0,0.0,0.1513747150773104,0,1,138.67294726585746,1,0,0,-0.0021411636904761,-0.1309501915499396,0.0,0,0.5263157894736842,0.0155140786656603,0,0,0,6,0
54319,57.406426735,1,0.49366,7445.249877,29.0,3688.588912999999,1.250663043871994,-1.9684535546874995,4.504807837463253,0,0,5.84914464845038,0.9,0,0.9463303270597788,0.8921351910863555,0,1,-0.2208853874273355,0,1.458324450009289,0,1,0.0,0.1576176281715213,0,1,198.97305571806456,0,0,1,-0.0216262920496323,0.0,0.0,1,0.6190476190476191,-0.158036804519797,0,1,1,5,0
5436431,87.69565217,1,0.90206,13108.71147,24.0,16966.049400999997,0.5867759833424628,-0.4125935652173913,4.34811903578886,0,0,5.43290289088046,0.6202514033800706,0,1.0690015725681656,0.7137742888616466,0,0,0.0466942805826894,0,284.5972558527743,1,0,0.0,0.1360827634879543,0,0,302.3347591448547,0,0,0,0.0237887915203888,0.0,0.0,0,0.7647058823529411,-0.0587266497932691,0,0,0,2,0
564250,100.0,1,0.49318,13591.974832,34.5,6649.974796000014,1.071082383916634,0.1587097142857113,2.381101577952299,0,0,6.71310807249755,0.8776968478376529,0,1.070515085047816,0.8006586269693488,0,1,0.1156350624251633,0,1.9942518802251807,1,0,0.8654319019274377,0.1692284486909726,0,0,154.31117582899867,1,0,0,0.0016820378746091,-6.037650961619218,0.6962383250419169,1,0.5294117647058824,-0.1428971154376649,0,0,0,2,1
58082,99.93311828,1,0.48454,4595.614281,18.75,0.0,0.9759633551762796,0.2620389444444452,0.0,0,0,5.15184546264778,0.6975237664620203,0,1.397647595047045,0.3243970620195642,0,0,0.0,2,0.0,1,0,0.0,0.2443731930130857,0,0,88.32521008950208,0,1,1,-0.0336464166666666,0.0,0.0,1,0.6428571428571429,0.0058440776063595,0,0,0,0,0
58731,46.55143326,0,0.63825,4375.49024800001,23.25,2268.5767950000004,1.869798557759227,0.2847448175000017,18.036078069978632,0,1,5.47227067367148,0.6230744312638737,0,1.1981498269998423,0.9196995098088264,0,0,-0.0275881436094882,0,-7.489790036412034,1,0,0.0,0.2041241452319315,0,0,173.2201847480235,0,0,0,-0.0090308446910111,0.0160648148148145,0.0,0,0.6842105263157895,0.0316196062791979,0,0,0,6,0
58935,7.3708577,0,0.48398,8071.211781,22.0,121.02451200000002,1.3015251525832376,-2.432217480000003,0.9085602964160698,0,0,5.88731857137563,0.8794105637394498,0,1.0681269440601582,0.7738579325790814,0,1,0.0102549521912337,0,20.75340690773331,0,1,0.0,0.1144811206544345,0,1,180.20437520031584,0,1,0,-0.0263488469565217,0.0,0.0,0,0.5882352941176471,-0.4584177677784091,0,0,1,1,1
60348609,89.85533454,1,0.9489,21387.584334,25.0,18072.723593,0.5676039271271051,-0.5503427391304373,2.811547978000323,0,0,5.54114098862907,0.646978312281574,0,1.0229343500479118,0.6667236428216433,0,0,0.0091450653183391,0,-23.776704267319232,1,0,0.0,0.1235969372995327,0,0,331.0727903112872,0,0,0,0.0313439044693492,0.0,0.0,0,0.7222222222222222,-0.030917841350429,0,0,0,2,0
63387280,91.641321045,1,1.09344,68134.963358,29.0,52595.16741699999,0.6674761298216904,-0.3329100434782628,0.0,0,0,5.9419788285967,0.5373118529634745,0,1.3066179503441382,0.684907858187743,0,0,-0.0023656674708454,0,148.46484415300765,1,0,0.0,0.0823979581996884,0,0,468.4357389202988,0,0,0,0.019050141236835,0.0,0.0,0,0.5909090909090909,-0.0764837852857504,0,0,0,2,0
657249,89.32876712,1,0.48193,1660.618344,9.0,0.0,1.2406465165061036,-0.9477619199999971,0.0,0,0,0.0,0.7280175133855432,0,1.452143196353953,0.8035936410854368,0,1,0.0,0,0.0,0,0,0.0,0.0,1,0,86.91738239635188,0,0,0,-0.0077330166666667,0.0,0.0,0,0.0,0.1054165386986891,0,0,0,3,0
66357355,51.92629179,1,0.5265,5163.881691,23.0,2796.489858,1.2207311131170644,-0.4208067598701984,5.601275682958293,0,0,4.38358791524083,0.8091568058711225,0,1.1127424620241295,0.9514039602138497,0,0,0.087984568758912,0,-3.3685323624801726,0,1,0.0,0.1666666666666666,0,0,132.2622333426681,0,1,1,-0.0236761110796991,0.0,0.0,0,0.238095238095238,-0.0974957030679397,0,1,0,10,0
67018853,4.0518113075,0,0.57614,9329.019521,36.25,5498.941063000009,1.097838119117352,1.4110407612456597,14.970580765749045,0,0,5.91603358480399,0.7003506288927804,1,1.065792668202067,0.837466768167358,0,0,-0.1291980672469611,0,-7.194086364383206,1,0,0.0,0.1360827634879543,0,0,131.64433522501446,0,0,0,-0.0088416959163171,0.1642268597016276,1.1972698722314497,0,0.59375,0.1141569669396979,0,0,0,13,0
68631492,91.06761566,1,0.99078,29666.457198,26.0,25403.976601,0.541513339177518,-0.756462173913046,1.4324702914936969,0,0,5.63879941027948,0.6202514033800703,0,1.004080943703744,0.6344392995735908,0,0,-0.0075906260683355,0,-37.98342355565469,1,0,0.0,0.1111111111111111,0,0,359.8108214777196,0,0,0,0.0379435324061571,0.0,0.0,0,0.6842105263157895,-0.0365266980644696,0,0,0,2,0
70458967,100.0,1,0.50621,7359.6142077184,26.5,2786.9655867024026,0.8101433754238505,-0.3224587507436054,7.669948782982146,0,0,6.35426133923738,0.799807693326499,0,1.0905376125891189,0.8576570481977208,0,0,0.0922680413265778,2,-5.527629455481062,1,0,0.0,0.2029785493341727,0,1,160.7458163444295,0,0,0,0.0072985367175622,0.0,0.0,0,0.6956521739130435,-0.0176191801282092,0,0,0,3,0
723466,37.62376238,0,0.51276,5164.063298,25.0,1183.100861999999,1.146549542691038,-1.4781260318877545,3.539529195983115,0,0,5.43290289088046,0.8189936612631941,0,1.1188715004607614,0.9351384375401453,0,1,0.0691346813030742,0,-3.0756152048979453,0,1,0.0,0.2845177968644246,0,1,203.2285539874393,0,1,0,-0.0010625038265306,0.0,0.0,0,0.7647058823529411,-0.2766973612458988,0,0,0,3,0
738705,2.58302583,0,0.51613,5943.255349,28.5,3237.895992,1.2400954430329787,0.5534558737672631,2.3811015779522995,0,0,5.85641414422846,0.7378405858655711,0,1.2897157300149995,0.6488687805298147,0,2,-0.0656402150197132,0,2.2041705399920226,0,0,0.0,0.1235969372995327,0,0,152.560674616509,0,1,0,-0.0310001654906904,0.0,0.0,0,0.6190476190476191,0.5665400084785756,0,0,0,5,1
75847733,100.0,1,0.52974,7287.47061400001,27.25,6676.078162000009,1.346811360326567,0.9091390770247896,11.966503815791874,0,0,4.65217303958343,0.8045789522738914,1,0.9336431130970302,1.114561598649262,0,0,-0.2760455065862824,0,-1.1087056641134765,1,0,0.7881168902746283,0.2381448361039201,0,1,140.59548539132405,1,0,0,-0.0109600593673412,-2.0858992388150046,0.0,0,0.6296296296296297,-0.1694169944140494,0,0,0,11,0
76426,7.488986784,0,0.54855,10115.248261,23.75,808.3935540000003,1.0791512007445585,0.8490741942148773,6.198694710190766,1,0,6.62940453395924,0.8771526504051719,1,1.048674995568098,0.7819936729200692,0,0,-0.0714674523077285,0,-3.2639177236214305,1,0,0.610890022675737,0.3728939232630927,0,1,132.16033810143088,1,1,0,-0.0043259948231033,-0.5230602796674229,0.9182995386645731,0,0.72,-0.0572948332408454,0,0,0,1,0
76573,76.815155445,1,0.57458,8910.207619,22.5,757.0500660000007,1.0220131254646414,1.060434139534884,6.198694710190766,0,0,6.64399316297525,0.916385263475786,1,1.1009692340332369,0.8123717626590929,0,0,-0.0205777241263907,0,4.236347576759576,1,0,0.5620833333333333,0.3963116731825585,0,1,135.61408716630706,1,0,0,-0.004750122685084,0.1975585789871498,0.447213595499958,0,0.72,-0.1266456840953492,0,0,0,1,0
78246498,73.747288895,1,0.54262,6421.07186352161,28.75,4479.109981972803,0.6179684925651628,-0.8961877107438037,14.638856405641093,0,0,5.72817016271303,0.8182815975277009,0,0.9640586688311302,0.9850708801279364,0,0,0.2401384377212325,0,-3.377525568303349,1,0,0.0,0.4013747150773105,0,1,153.75145857521397,1,0,0,0.0114589600188487,0.7180507002183585,0.0,0,0.9583333333333334,-0.1583910182758316,0,0,0,4,0
79559970,2.5625,0,0.65489,7839.90370900001,25.0,3233.133094000003,0.7865931924084157,0.5081116530314095,10.862220075146633,0,1,6.0314361801734,0.7617836541014528,0,0.9633699425342004,0.8757701098101353,0,0,0.0194805243383917,0,-12.091314735016844,1,0,0.0,0.206930270632866,0,0,152.05196933268942,0,1,0,-5.020809999191504e-05,1.121997719984198,0.0,0,0.8,-0.0348146903673303,0,0,2,2,0
79856,100.0,1,0.49318,13633.287712,34.5,6885.459601000015,0.993735268003212,-0.3736914285714363,2.406851949670727,0,0,6.71158831536613,0.8776968478376528,0,1.0493064502459122,0.7730224053469686,0,1,0.1030877196311848,0,0.1661299390550667,1,0,0.8654319019274377,0.1714751217198549,0,0,155.3958866449735,1,0,0,0.0021597413729127,-3.423044112706812,1.5906910435107278,1,0.5294117647058824,-0.5177388404142136,0,0,0,2,0
80214831,33.33333333,0,0.49716,21583.2484090001,40.0,31747.990440000147,1.0917646979676832,0.452949915794241,2.7652573920338868,1,0,5.48893772615669,0.69493199266912,0,0.9183188835643278,0.982400142666224,0,0,-0.1061226720236633,0,-1.1074508739231184,0,1,0.7486498322354653,0.1036680779880243,0,0,140.13155975631108,1,0,0,-0.0045757756277105,-13.96926045799552,6.647190056425237,1,0.4827586206896552,-0.0332486723412495,0,0,0,13,0
81812,100.0,1,0.56522,6610.703798,30.25,2469.6913250000025,1.5600777417929266,-0.7529682761341217,11.326220558463955,0,0,6.26690401501607,0.7628016778514425,0,1.0709884740277578,0.9705386741479513,0,0,0.0125505040410677,2,-1.5258362211931649,1,0,0.5511909092340641,0.2307563271119505,0,0,190.4428802027269,1,1,1,-0.0164976922165588,-0.5328184051398344,0.0,0,0.7391304347826086,-0.1959621157722186,0,0,0,4,0
82419361,57.38396624,1,0.50121,9249.8474057184,29.25,3432.3027089792035,1.0325195681111576,-0.08552191115312,5.549511796322224,0,0,6.72097379146609,0.844501037717859,0,1.243480309838911,0.7426626756946084,0,0,-0.0253115828770582,2,-8.181862776096805,1,0,0.0,0.2296107312141917,0,1,178.08442535484383,0,0,0,0.0013818519218651,-0.1578700029394477,0.0,0,0.7307692307692307,0.2235570489185838,0,0,0,2,1
83432,100.0,1,0.55718,11071.829978,22.25,3989.978787,0.9001256564864027,0.9143501040320088,6.813322952210583,0,0,5.84932477994686,0.8013710700451224,0,0.8362412978614593,0.9804232308728934,0,0,-0.1849722173333913,0,4.760271817651438,0,0,0.4666926886495339,0.4161949221694402,0,0,114.30041764071748,1,0,0,-0.0023416861803631,-0.2272846067439335,2.896468153816889,0,0.5666666666666667,0.3621879311552941,0,0,0,2,0
83454,92.0,1,0.68147,10575.164187,16.75,6446.401873000037,0.6517672562535495,-0.2741038167757782,14.796521926968548,0,0,5.28320372873799,0.527623423248141,0,0.8208130147494697,1.1606071810128151,0,0,0.0136514637585001,0,0.8875035902520719,0,0,0.0,0.3936345532609665,0,0,105.09136907116172,1,0,0,0.0002874055919096,7.33208226534884,2.403690919406142,0,0.4857142857142857,-0.0037483950444846,0,0,0,6,0
83476,79.0,1,0.68147,10472.211099,17.75,6402.96816100004,0.6121329180301712,-0.2723861700000455,14.796521926968548,0,0,5.52942908751142,0.6121964107723268,0,0.8125260782402666,1.1256820981345264,0,0,0.0127649189057734,0,0.8641017804182163,1,0,0.3180555555555555,0.3936345532609665,0,0,107.08611983901604,1,0,0,0.0004372819794345,6.227942598377491,2.403690919406142,0,0.5,0.0005180011767548,0,0,0,6,0
83891036,100.0,1,0.49926,5447.1169240112,25.0,2959.957708288003,1.0023194788653873,-0.3398363155588019,14.76854770235179,0,0,5.50176828451651,0.7196411764965168,0,1.1681218581157933,1.0738674003528892,0,1,-0.0552785687612882,0,6.714535194400471,1,0,0.0,0.1853954059492991,0,1,169.19569193873258,0,0,0,-0.0187233904674945,-0.2704289493575214,0.0,0,0.6666666666666666,-0.0203360734423528,0,0,0,6,0
83905015,57.889176825,1,0.51293,20061.5441810001,34.5,28445.93700800014,1.1287821607602546,0.8444855275754423,1.3921231114328676,1,0,5.27811465923052,0.6795097833747537,0,0.9001679592479709,0.9916085527562016,0,0,-0.175108561843211,0,-1.7607078976535653,0,0,0.8656264959687578,0.1036680779880243,0,0,132.8238918707004,1,0,0,-0.0041187577865785,-12.066568799674451,6.900998161697962,1,0.5576923076923077,0.0660731830219166,0,0,0,7,0
84852539,100.0,1,1.16412,76423.951511,29.5,67009.881316,0.6097222755242004,0.9173917500000008,1.0,0,0,5.70461546096009,0.4894054670431671,0,1.7930154545979682,0.5625056497045533,0,0,-0.055646930191012,0,71.72471241326528,1,0,0.0,0.074074074074074,0,0,352.7453844592011,0,0,0,-0.0168717119309261,0.0,0.0,0,0.5833333333333334,-0.078888428829196,0,0,0,3,0
85721331,87.420918365,1,0.51301,7640.0794577184,27.5,3140.024379128004,0.8224320454691435,-0.3345664285714301,9.003212111258996,0,0,6.4889199363108,0.8233818824615534,0,1.101407296330761,0.958569742047733,0,0,0.0796625537095402,2,-8.89314493119517,1,0,0.0,0.3946168683776827,0,1,170.21111834532005,0,0,0,0.0071392448979591,0.1875312316284534,0.0,0,0.7916666666666666,-0.0543233550690948,0,0,0,3,0
86408459,18.625609515,0,0.56741,10370.959798,33.25,5918.902020000008,0.9122696525422876,-0.0303874308432047,11.029056641980883,0,1,6.19917715139165,0.8236820818597985,1,1.0054575624881994,0.8523716299309484,0,0,0.1355230671004437,0,-7.184459970819223,1,0,0.6354055912488452,0.1666666666666666,0,0,181.74511032308897,0,0,0,0.0049927008233416,-0.8468378894767785,0.0,0,0.6071428571428571,-0.2157400009049171,0,0,0,7,0
